/*
 Navicat MySQL Data Transfer

 Source Server         : localhost
 Source Server Version : 50150
 Source Host           : localhost
 Source Database       : spree_benchmark

 Target Server Version : 50150
 File Encoding         : utf-8

 Date: 01/29/2013 00:22:58 AM
*/

SET NAMES utf8;
SET FOREIGN_KEY_CHECKS = 0;

-- ----------------------------
--  Table structure for `addresses`
-- ----------------------------
DROP TABLE IF EXISTS `addresses`;
CREATE TABLE `addresses` (
  `id` int(11) NOT NULL AUTO_INCREMENT,
  `firstname` varchar(255) DEFAULT NULL,
  `lastname` varchar(255) DEFAULT NULL,
  `address1` varchar(255) DEFAULT NULL,
  `address2` varchar(255) DEFAULT NULL,
  `city` varchar(255) DEFAULT NULL,
  `state_id` int(11) DEFAULT NULL,
  `zipcode` varchar(255) DEFAULT NULL,
  `country_id` int(11) DEFAULT NULL,
  `phone` varchar(255) DEFAULT NULL,
  `created_at` datetime DEFAULT NULL,
  `updated_at` datetime DEFAULT NULL,
  `state_name` varchar(255) DEFAULT NULL,
  `alternative_phone` varchar(255) DEFAULT NULL,
  PRIMARY KEY (`id`),
  KEY `index_addresses_on_firstname` (`firstname`),
  KEY `index_addresses_on_lastname` (`lastname`)
) ENGINE=InnoDB AUTO_INCREMENT=1072978397 DEFAULT CHARSET=utf8;

-- ----------------------------
--  Records of `addresses`
-- ----------------------------
BEGIN;
INSERT INTO `addresses` VALUES ('4255125', 'Jayne', 'Metz', '50031 Fredrick Light', 'Apt. 358', 'Port Duane', '889445952', '16804', '214', '1-553-873-2739 x70458', '2013-01-28 22:34:45', '2013-01-28 22:34:45', null, null), ('13458289', 'Minnie', 'Sipes', '684 Cesar Islands', 'Apt. 371', 'North Brennan', '889445952', '16804', '214', '(101)554-7964', '2013-01-28 22:34:45', '2013-01-28 22:34:45', null, null), ('14629780', 'Mckayla', 'Turner', '159 Bechtelar Coves', 'Suite 021', 'Keelingshire', '889445952', '16804', '214', '289-856-7874 x9510', '2013-01-28 22:34:45', '2013-01-28 22:34:45', null, null), ('19868593', 'Franco', 'Mills', '02270 Douglas Corners', 'Suite 993', 'South Carey', '889445952', '16804', '214', '408.901.3366 x7325', '2013-01-28 22:34:45', '2013-01-28 22:34:45', null, null), ('21308770', 'Hank', 'Rempel', '372 Bridie Shores', 'Apt. 956', 'Reichertton', '889445952', '16804', '214', '1-806-833-9112', '2013-01-28 22:34:45', '2013-01-28 22:34:45', null, null), ('42184090', 'Broderick', 'Bogan', '0764 Abigale Passage', 'Apt. 538', 'Hannamouth', '889445952', '16804', '214', '181-078-8969 x3155', '2013-01-28 22:34:45', '2013-01-28 22:34:45', null, null), ('42776516', 'Jeanie', 'Heidenreich', '29716 Kutch Wall', 'Apt. 940', 'Alexfurt', '889445952', '16804', '214', '713-975-9324', '2013-01-28 22:34:45', '2013-01-28 22:34:45', null, null), ('48866121', 'Alaina', 'Ankunding', '72865 Mikayla Isle', 'Apt. 472', 'North Samantatown', '889445952', '16804', '214', '(705)686-9847', '2013-01-28 22:34:45', '2013-01-28 22:34:45', null, null), ('56745288', 'Antonetta', 'Runolfsson', '82031 Nayeli Fords', 'Apt. 372', 'Lake Lesterfurt', '889445952', '16804', '214', '576.391.7510', '2013-01-28 22:34:45', '2013-01-28 22:34:45', null, null), ('57916861', 'Nellie', 'Reinger', '65213 Bridgette Union', 'Suite 394', 'East Uriahport', '889445952', '16804', '214', '1-327-028-3648 x6883', '2013-01-28 22:34:45', '2013-01-28 22:34:45', null, null), ('65825724', 'Terrell', 'Koch', '5268 Ratke Mountain', 'Suite 531', 'Hermanside', '889445952', '16804', '214', '350.162.0081', '2013-01-28 22:34:45', '2013-01-28 22:34:45', null, null), ('67901793', 'Jonas', 'Harris', '1585 Anais Forest', 'Suite 753', 'Klockoville', '889445952', '16804', '214', '675-781-6660 x657', '2013-01-28 22:34:45', '2013-01-28 22:34:45', null, null), ('69106084', 'Thalia', 'Buckridge', '01025 Jayne Ranch', 'Apt. 981', 'Linnietown', '889445952', '16804', '214', '452-119-1035 x85586', '2013-01-28 22:34:45', '2013-01-28 22:34:45', null, null), ('74741621', 'Greta', 'Jacobi', '52398 Jewess Falls', 'Suite 132', 'Bradtkeport', '889445952', '16804', '214', '640.212.4729', '2013-01-28 22:34:45', '2013-01-28 22:34:45', null, null), ('99510657', 'Genesis', 'Gutkowski', '546 Lebsack Corners', 'Suite 764', 'Titusmouth', '889445952', '16804', '214', '(604)194-1841', '2013-01-28 22:34:45', '2013-01-28 22:34:45', null, null), ('105050026', 'Yoshiko', 'Labadie', '209 Terry Haven', 'Suite 142', 'New Adah', '889445952', '16804', '214', '669.516.3489 x1931', '2013-01-28 22:34:45', '2013-01-28 22:34:45', null, null), ('126041504', 'Kimberly', 'Lang', '15854 Gorczany Corners', 'Apt. 118', 'Port Thaddeusborough', '889445952', '16804', '214', '463-439-5120', '2013-01-28 22:34:45', '2013-01-28 22:34:45', null, null), ('127967096', 'Maybell', 'Altenwerth', '366 Edgar Gardens', 'Apt. 773', 'Savionstad', '889445952', '16804', '214', '(510)970-3815', '2013-01-28 22:34:45', '2013-01-28 22:34:45', null, null), ('129171341', 'Lee', 'Berge', '402 Roxanne Mall', 'Apt. 649', 'Derrickstad', '889445952', '16804', '214', '(067)743-9965 x853', '2013-01-28 22:34:45', '2013-01-28 22:34:45', null, null), ('131658076', 'Lavinia', 'Emard', '4909 Josephine Fork', 'Apt. 609', 'Lake Mekhibury', '889445952', '16804', '214', '667.789.4363 x91634', '2013-01-28 22:34:45', '2013-01-28 22:34:45', null, null), ('144271260', 'Ebony', 'Block', '91120 Ramiro Alley', 'Apt. 890', 'Allenberg', '889445952', '16804', '214', '453-584-9993 x0586', '2013-01-28 22:34:45', '2013-01-28 22:34:45', null, null), ('148965812', 'Juvenal', 'Weissnat', '2509 Padberg Unions', 'Apt. 148', 'Schowalterside', '889445952', '16804', '214', '693-780-4231 x93479', '2013-01-28 22:34:45', '2013-01-28 22:34:45', null, null), ('150169931', 'Winston', 'Brekke', '753 Lang Place', 'Apt. 314', 'Lennieport', '889445952', '16804', '214', '(800)877-2122 x230', '2013-01-28 22:34:45', '2013-01-28 22:34:45', null, null), ('151222638', 'Tianna', 'Ward', '55646 Quigley Stream', 'Suite 482', 'Ryderhaven', '889445952', '16804', '214', '099.567.3993', '2013-01-28 22:34:45', '2013-01-28 22:34:45', null, null), ('152115607', 'Marley', 'Ryan', '8672 Cordelia Square', 'Apt. 301', 'Madalynview', '889445952', '16804', '214', '(943)947-0038 x9758', '2013-01-28 22:34:45', '2013-01-28 22:34:45', null, null), ('165986627', 'Dean', 'Prohaska', '5385 Will Meadows', 'Suite 538', 'Kirlintown', '889445952', '16804', '214', '888.908.9362', '2013-01-28 22:34:45', '2013-01-28 22:34:45', null, null), ('167158202', 'Oswald', 'Kozey', '63164 Jerad Lights', 'Suite 374', 'Lake Lilly', '889445952', '16804', '214', '(196)978-9233', '2013-01-28 22:34:45', '2013-01-28 22:34:45', null, null), ('171295127', 'Kayden', 'Medhurst', '09571 Ali Mission', 'Suite 236', 'Carmeloland', '889445952', '16804', '214', '1-149-154-1155', '2013-01-28 22:34:45', '2013-01-28 22:34:45', null, null), ('172509034', 'Palma', 'Harvey', '06695 Senger Plains', 'Apt. 849', 'Cynthiamouth', '889445952', '16804', '214', '(446)027-4574', '2013-01-28 22:34:45', '2013-01-28 22:34:45', null, null), ('173680531', 'Jimmy', 'Heller', '91626 Waters View', 'Suite 165', 'South Patience', '889445952', '16804', '214', '1-755-121-3435 x21199', '2013-01-28 22:34:45', '2013-01-28 22:34:45', null, null), ('179306311', 'Stella', 'Koss', '359 Batz Lane', 'Suite 804', 'East Markfort', '889445952', '16804', '214', '103.439.8554 x8938', '2013-01-28 22:34:45', '2013-01-28 22:34:45', null, null), ('180199358', 'Anabelle', 'Swift', '39823 Rolfson Plains', 'Apt. 010', 'Luettgenfort', '889445952', '16804', '214', '(433)207-7979 x2264', '2013-01-28 22:34:45', '2013-01-28 22:34:45', null, null), ('188080563', 'Hollie', 'Lockman', '0681 Jake Greens', 'Suite 185', 'Evertshire', '889445952', '16804', '214', '1-191-602-4424', '2013-01-28 22:34:45', '2013-01-28 22:34:45', null, null), ('189632411', 'Elmore', 'Carroll', '679 Carmine Canyon', 'Suite 119', 'Bodeberg', '889445952', '16804', '214', '959-284-4191', '2013-01-28 22:34:45', '2013-01-28 22:34:45', null, null), ('190836580', 'Ruth', 'Hand', '6352 Marcus Greens', 'Suite 278', 'Kianfort', '889445952', '16804', '214', '1-469-950-3055 x8638', '2013-01-28 22:34:45', '2013-01-28 22:34:45', null, null), ('203443076', 'Dovie', 'Rohan', '743 Loren Junctions', 'Suite 336', 'East Oral', '889445952', '16804', '214', '(629)050-7426 x03711', '2013-01-28 22:34:45', '2013-01-28 22:34:45', null, null), ('204614523', 'Marlee', 'Hermiston', '80065 Schamberger Village', 'Apt. 576', 'Juliusland', '889445952', '16804', '214', '696.825.5777 x593', '2013-01-28 22:34:45', '2013-01-28 22:34:45', null, null), ('220562291', 'Dawson', 'Boehm', '1852 Richard Mills', 'Suite 914', 'North Busterfurt', '889445952', '16804', '214', '1-795-191-5602', '2013-01-28 22:34:45', '2013-01-28 22:34:45', null, null), ('221766538', 'Ashton', 'Hilpert', '9388 O\'Hara Path', 'Apt. 990', 'Kathleenside', '889445952', '16804', '214', '1-506-997-2410', '2013-01-28 22:34:45', '2013-01-28 22:34:45', null, null), ('223872400', 'Guiseppe', 'Larkin', '4394 Murray Fork', 'Suite 514', 'Port Pascalemouth', '889445952', '16804', '214', '639-340-1599 x1938', '2013-01-28 22:34:45', '2013-01-28 22:34:45', null, null), ('229127567', 'Betsy', 'Goyette', '1677 Bonita Ports', 'Apt. 166', 'Lockmantown', '889445952', '16804', '214', '(933)582-9978', '2013-01-28 22:34:45', '2013-01-28 22:34:45', null, null), ('230832990', 'Letitia', 'Wilderman', '3331 Alejandrin Plain', 'Apt. 722', 'Ryanhaven', '889445952', '16804', '214', '1-313-301-9951', '2013-01-28 22:34:45', '2013-01-28 22:34:45', null, null), ('231758759', 'Claudia', 'Heaney', '4359 Marquardt Drives', 'Apt. 143', 'South Jaiden', '889445952', '16804', '214', '1-873-941-5153', '2013-01-28 22:34:45', '2013-01-28 22:34:45', null, null), ('235189158', 'Ignacio', 'Hayes', '05155 Letitia Groves', 'Apt. 301', 'South Tatum', '889445952', '16804', '214', '877.234.3713', '2013-01-28 22:34:45', '2013-01-28 22:34:45', null, null), ('238383541', 'Assunta', 'Upton', '315 Jast Skyway', 'Apt. 513', 'East Joelle', '889445952', '16804', '214', '(113)581-3055', '2013-01-28 22:34:45', '2013-01-28 22:34:45', null, null), ('242138487', 'Erika', 'Spinka', '725 Elnora Road', 'Apt. 059', 'Travismouth', '889445952', '16804', '214', '105.921.4762', '2013-01-28 22:34:45', '2013-01-28 22:34:45', null, null), ('243064206', 'Gaston', 'Collins', '2274 Klocko Neck', 'Suite 080', 'Olsonchester', '889445952', '16804', '214', '512-817-7027', '2013-01-28 22:34:45', '2013-01-28 22:34:45', null, null), ('243860826', 'Kathryne', 'McDermott', '50040 Kreiger Trail', 'Suite 149', 'Lake Maurine', '889445952', '16804', '214', '1-358-406-9125 x6649', '2013-01-28 22:34:45', '2013-01-28 22:34:45', null, null), ('245065123', 'Maudie', 'Crist', '542 Ernestine Oval', 'Suite 077', 'North Carlibury', '889445952', '16804', '214', '1-082-074-3740 x553', '2013-01-28 22:34:45', '2013-01-28 22:34:45', null, null), ('260885931', 'Carroll', 'Deckow', '837 Karen Camp', 'Apt. 728', 'Dickiborough', '889445952', '16804', '214', '977.305.1300', '2013-01-28 22:34:45', '2013-01-28 22:34:45', null, null), ('262057300', 'Aurore', 'Johns', '66713 Weissnat Plaza', 'Apt. 463', 'Cassintown', '889445952', '16804', '214', '607-227-1220 x715', '2013-01-28 22:34:45', '2013-01-28 22:34:45', null, null), ('269101270', 'Halle', 'McClure', '5343 Boyer Underpass', 'Suite 522', 'Port Raina', '889445952', '16804', '214', '182-950-4040 x894', '2013-01-28 22:34:45', '2013-01-28 22:34:45', null, null), ('270026799', 'Lina', 'Ward', '6302 Ena Land', 'Suite 384', 'Lake Lempimouth', '889445952', '16804', '214', '832-201-8259 x5553', '2013-01-28 22:34:45', '2013-01-28 22:34:45', null, null), ('273802266', 'Josiah', 'Huels', '893 Hudson Island', 'Suite 566', 'New Barryton', '889445952', '16804', '214', '1-159-637-1963', '2013-01-28 22:34:45', '2013-01-28 22:34:45', null, null), ('284004603', 'Athena', 'Lynch', '2960 Kling Crescent', 'Suite 313', 'Bruenburgh', '889445952', '16804', '214', '1-144-918-5473', '2013-01-28 22:34:45', '2013-01-28 22:34:45', null, null), ('285208578', 'Mariano', 'Rath', '31355 Bailey Walks', 'Apt. 734', 'Lake Justinaview', '889445952', '16804', '214', '(933)349-0815 x1914', '2013-01-28 22:34:45', '2013-01-28 22:34:45', null, null), ('300439564', 'Gust', 'Feest', '88091 Destinee Rest', 'Apt. 022', 'Boydberg', '889445952', '16804', '214', '(775)570-4061 x39585', '2013-01-28 22:34:45', '2013-01-28 22:34:45', null, null), ('301611251', 'Neha', 'Grimes', '87579 O\'Connell Mission', 'Suite 701', 'Kristinaborough', '889445952', '16804', '214', '365.269.8526', '2013-01-28 22:34:45', '2013-01-28 22:34:45', null, null), ('306503203', 'Antoinette', 'Friesen', '91337 Guido Centers', 'Suite 550', 'Port Crawfordville', '889445952', '16804', '214', '1-517-758-4244', '2013-01-28 22:34:45', '2013-01-28 22:34:45', null, null), ('307674844', 'Gilbert', 'Kiehn', '11987 Hauck Island', 'Apt. 370', 'Brookfort', '889445952', '16804', '214', '(564)135-4512', '2013-01-28 22:34:45', '2013-01-28 22:34:45', null, null), ('323032786', 'Florence', 'Schmeler', '7736 Schumm Trace', 'Suite 269', 'Lake Paulview', '889445952', '16804', '214', '(447)029-6699 x39012', '2013-01-28 22:34:45', '2013-01-28 22:34:45', null, null), ('324236843', 'Osbaldo', 'Zemlak', '936 Balistreri Club', 'Apt. 841', 'New Kaitlynborough', '889445952', '16804', '214', '574-454-5328', '2013-01-28 22:34:45', '2013-01-28 22:34:45', null, null), ('329690879', 'Gaylord', 'Ratke', '78268 Mraz Plaza', 'Apt. 326', 'Chadrickview', '889445952', '16804', '214', '324-455-0101 x84378', '2013-01-28 22:34:45', '2013-01-28 22:34:45', null, null), ('330616326', 'Elmore', 'Morissette', '70239 Norma Hollow', 'Apt. 230', 'Hodkiewiczstad', '889445952', '16804', '214', '192.334.7318 x10077', '2013-01-28 22:34:45', '2013-01-28 22:34:45', null, null), ('338481867', 'Ima', 'Bailey', '429 Funk Key', 'Apt. 618', 'North Petramouth', '889445952', '16804', '214', '1-919-373-8600 x132', '2013-01-28 22:34:45', '2013-01-28 22:34:45', null, null), ('339653170', 'Bette', 'Cassin', '7258 Pacocha Cove', 'Suite 036', 'East Mikaylaton', '889445952', '16804', '214', '521-010-6020 x851', '2013-01-28 22:34:45', '2013-01-28 22:34:45', null, null), ('340874296', 'Van', 'Dicki', '54652 Lynch Stream', 'Suite 190', 'Corkeryberg', '889445952', '16804', '214', '(152)176-8525', '2013-01-28 22:34:45', '2013-01-28 22:34:45', null, null), ('347276494', 'Brisa', 'Willms', '854 Amelie Locks', 'Suite 216', 'North Roger', '889445952', '16804', '214', '092.271.2984 x350', '2013-01-28 22:34:45', '2013-01-28 22:34:45', null, null), ('348875494', 'Berenice', 'Kihn', '269 Wintheiser Flat', 'Suite 964', 'Wittingberg', '889445952', '16804', '214', '162.405.5429 x32735', '2013-01-28 22:34:45', '2013-01-28 22:34:45', null, null), ('349768223', 'Freida', 'Jewess', '956 Justice Trail', 'Suite 337', 'East Henderson', '889445952', '16804', '214', '(750)073-3002', '2013-01-28 22:34:45', '2013-01-28 22:34:45', null, null), ('355015228', 'Johanna', 'Schultz', '152 Guy Mills', 'Suite 903', 'South Rolando', '889445952', '16804', '214', '731-385-1822 x91502', '2013-01-28 22:34:45', '2013-01-28 22:34:45', null, null), ('356219587', 'Phoebe', 'Lubowitz', '71230 Sipes Views', 'Suite 579', 'Lednermouth', '889445952', '16804', '214', '640-008-8654', '2013-01-28 22:34:45', '2013-01-28 22:34:45', null, null), ('377854995', 'Whitney', 'Breitenberg', '89183 Veronica Road', 'Apt. 613', 'O\'Reillyville', '889445952', '16804', '214', '(433)306-5079', '2013-01-28 22:34:45', '2013-01-28 22:34:45', null, null), ('379059436', 'Leonie', 'Paucek', '672 Gutmann Causeway', 'Apt. 078', 'Lowefort', '889445952', '16804', '214', '206-810-1588', '2013-01-28 22:34:45', '2013-01-28 22:34:45', null, null), ('387941095', 'Ivy', 'Daniel', '41540 Bartholome Lodge', 'Apt. 436', 'Friesenbury', '889445952', '16804', '214', '(994)654-0592', '2013-01-28 22:34:45', '2013-01-28 22:34:45', null, null), ('389816337', 'Prince', 'Nolan', '4888 Mack Pass', 'Apt. 363', 'Oliverburgh', '889445952', '16804', '214', '871.346.7937', '2013-01-28 22:34:45', '2013-01-28 22:34:45', null, null), ('392686799', 'Shayne', 'Tremblay', '4966 Ulises Knoll', 'Apt. 550', 'Lake Cierrashire', '889445952', '16804', '214', '1-555-274-4493 x29128', '2013-01-28 22:34:45', '2013-01-28 22:34:45', null, null), ('393579574', 'Monserrate', 'Davis', '53053 Jennyfer Tunnel', 'Suite 049', 'Isabelleland', '889445952', '16804', '214', '779-166-7232 x68611', '2013-01-28 22:34:45', '2013-01-28 22:34:45', null, null), ('394286306', 'Autumn', 'Krajcik', '131 Moen Valleys', 'Suite 926', 'East Jimmystad', '889445952', '16804', '214', '975-585-6775 x243', '2013-01-28 22:34:45', '2013-01-28 22:34:45', null, null), ('395457563', 'Francis', 'Durgan', '78607 Tremaine Plaza', 'Suite 843', 'Jaydenside', '889445952', '16804', '214', '101-356-1555', '2013-01-28 22:34:45', '2013-01-28 22:34:45', null, null), ('405174797', 'Jon', 'Skiles', '191 Dannie Plain', 'Suite 213', 'Titomouth', '889445952', '16804', '214', '664.031.4465 x86863', '2013-01-28 22:34:45', '2013-01-28 22:34:45', null, null), ('408818721', 'Helena', 'Kub', '7443 Collins Parkways', 'Suite 948', 'North Marleyhaven', '889445952', '16804', '214', '113-607-2990', '2013-01-28 22:34:45', '2013-01-28 22:34:45', null, null), ('421966440', 'Candido', 'Jaskolski', '841 April Circles', 'Suite 624', 'East George', '889445952', '16804', '214', '1-462-951-8872 x8219', '2013-01-28 22:34:45', '2013-01-28 22:34:45', null, null), ('425450708', 'Shayna', 'Fahey', '295 Ida Shoal', 'Suite 999', 'Port Vincent', '889445952', '16804', '214', '884.827.6399 x705', '2013-01-28 22:34:45', '2013-01-28 22:34:45', null, null), ('432278229', 'Terrell', 'Hackett', '304 Hegmann Fords', 'Apt. 812', 'Abagailshire', '889445952', '16804', '214', '283-667-4216 x96366', '2013-01-28 22:34:45', '2013-01-28 22:34:45', null, null), ('433482288', 'Garett', 'Carter', '6582 Antonetta Groves', 'Apt. 801', 'Candelarioton', '889445952', '16804', '214', '454-860-1644 x61420', '2013-01-28 22:34:45', '2013-01-28 22:34:45', null, null), ('443059452', 'Giles', 'Waters', '518 Ruthie Plaza', 'Suite 555', 'Greenfelderview', '889445952', '16804', '214', '096.552.6761', '2013-01-28 22:34:45', '2013-01-28 22:34:45', null, null), ('444263433', 'Christ', 'Jacobs', '4276 Dooley Villages', 'Apt. 232', 'Jessieview', '889445952', '16804', '214', '298.816.0993', '2013-01-28 22:34:45', '2013-01-28 22:34:45', null, null), ('452418301', 'Julianne', 'Flatley', '08582 Era Row', 'Suite 823', 'Halvorsonhaven', '889445952', '16804', '214', '233.532.8278', '2013-01-28 22:34:45', '2013-01-28 22:34:45', null, null), ('462093350', 'Vernie', 'Collier', '962 Johnston Forges', 'Apt. 661', 'North Myrtieshire', '889445952', '16804', '214', '541.621.4734 x8345', '2013-01-28 22:34:45', '2013-01-28 22:34:45', null, null), ('468881930', 'Daisha', 'Harber', '9796 King Parkway', 'Suite 961', 'Port Shirleyport', '889445952', '16804', '214', '(077)908-6734 x2932', '2013-01-28 22:34:45', '2013-01-28 22:34:45', null, null), ('484915261', 'Liliane', 'Wiegand', '085 Will Trafficway', 'Apt. 366', 'Wizaburgh', '889445952', '16804', '214', '968-860-3330', '2013-01-28 22:34:45', '2013-01-28 22:34:45', null, null), ('486885605', 'Dedrick', 'Lakin', '584 Niko Port', 'Suite 161', 'Lake Maximillia', '889445952', '16804', '214', '1-145-674-4394 x2472', '2013-01-28 22:34:45', '2013-01-28 22:34:45', null, null), ('488056864', 'Xander', 'Olson', '636 Osbaldo Street', 'Suite 910', 'Lake Dorisville', '889445952', '16804', '214', '947-995-4629 x4735', '2013-01-28 22:34:45', '2013-01-28 22:34:45', null, null), ('493831732', 'Hildegard', 'Predovic', '374 Otto Rapid', 'Suite 367', 'Lake Kaylahbury', '889445952', '16804', '214', '(670)504-0047 x122', '2013-01-28 22:34:45', '2013-01-28 22:34:45', null, null), ('501684253', 'Stephan', 'Stokes', '22888 Rogahn Gateway', 'Suite 033', 'Lake Ginabury', '889445952', '16804', '214', '1-395-361-8877 x825', '2013-01-28 22:34:45', '2013-01-28 22:34:45', null, null), ('514445004', 'Allen', 'Franecki', '906 Kaylee Turnpike', 'Apt. 141', 'Conroyburgh', '889445952', '16804', '214', '857-791-1703 x62267', '2013-01-28 22:34:45', '2013-01-28 22:34:45', null, null), ('515616313', 'Hayden', 'Thompson', '299 Jacobs Key', 'Suite 876', 'Jacklynhaven', '889445952', '16804', '214', '311-489-1678', '2013-01-28 22:34:45', '2013-01-28 22:34:45', null, null), ('516145181', 'Jedediah', 'Haag', '265 Rupert Key', 'Suite 300', 'East Obie', '889445952', '16804', '214', '(788)630-7579 x078', '2013-01-28 22:34:45', '2013-01-28 22:34:45', null, null), ('525057558', 'Carlotta', 'Fahey', '22941 Halvorson Street', 'Apt. 703', 'North Berniceside', '889445952', '16804', '214', '1-101-834-1123', '2013-01-28 22:34:45', '2013-01-28 22:34:45', null, null), ('538489458', 'Euna', 'Haag', '116 Maxime Street', 'Suite 159', 'Port Lizeth', '889445952', '16804', '214', '606.587.9763 x3344', '2013-01-28 22:34:45', '2013-01-28 22:34:45', null, null), ('540741786', 'Ova', 'Senger', '116 Hyatt Trail', 'Apt. 634', 'Zolaville', '889445952', '16804', '214', '088.904.0902', '2013-01-28 22:34:45', '2013-01-28 22:34:45', null, null), ('543218782', 'Shanel', 'Bode', '9509 Davis Fields', 'Apt. 774', 'Port Malachishire', '889445952', '16804', '214', '(609)617-1732 x700', '2013-01-28 22:34:45', '2013-01-28 22:34:45', null, null), ('544390305', 'Brice', 'Bernier', '07365 Steve Square', 'Apt. 544', 'North Leopold', '889445952', '16804', '214', '472.498.4728 x0589', '2013-01-28 22:34:45', '2013-01-28 22:34:45', null, null), ('545743993', 'Aiyana', 'Kilback', '6064 Fay Light', 'Apt. 288', 'New Randiland', '889445952', '16804', '214', '(817)951-0913 x811', '2013-01-28 22:34:45', '2013-01-28 22:34:45', null, null), ('546636942', 'Kenya', 'Rempel', '2427 Verdie Mission', 'Suite 221', 'South Harold', '889445952', '16804', '214', '1-514-260-2726 x7107', '2013-01-28 22:34:45', '2013-01-28 22:34:45', null, null), ('562211972', 'Karlie', 'Mann', '942 Kerluke Ford', 'Suite 749', 'Walkerfort', '889445952', '16804', '214', '(481)052-1996', '2013-01-28 22:34:45', '2013-01-28 22:34:45', null, null), ('563137665', 'Hortense', 'O\'Conner', '52328 King Street', 'Suite 274', 'Port Garfieldside', '889445952', '16804', '214', '1-875-458-6869', '2013-01-28 22:34:45', '2013-01-28 22:34:45', null, null), ('573450925', 'Lloyd', 'Fritsch', '8804 Grady Turnpike', 'Suite 515', 'West Abigale', '889445952', '16804', '214', '(258)842-1915 x9680', '2013-01-28 22:34:45', '2013-01-28 22:34:45', null, null), ('574376536', 'Sedrick', 'King', '76073 Miller Island', 'Apt. 798', 'Kemmerborough', '889445952', '16804', '214', '085.315.6622 x14917', '2013-01-28 22:34:45', '2013-01-28 22:34:45', null, null), ('590078562', 'Jessika', 'Beahan', '17345 Mina Neck', 'Suite 842', 'East Talonstad', '889445952', '16804', '214', '344.970.4622 x247', '2013-01-28 22:34:45', '2013-01-28 22:34:45', null, null), ('590971557', 'Floyd', 'Bednar', '4335 Ronny Mews', 'Apt. 232', 'Williamsonhaven', '889445952', '16804', '214', '1-012-909-8445 x66512', '2013-01-28 22:34:45', '2013-01-28 22:34:45', null, null), ('592864417', 'Abdul', 'Keebler', '3187 Alfreda Stravenue', 'Apt. 763', 'Boyleland', '889445952', '16804', '214', '(028)198-6779 x31241', '2013-01-28 22:34:45', '2013-01-28 22:34:45', null, null), ('599012441', 'Orlo', 'Rempel', '431 Ferry Row', 'Suite 599', 'Loycehaven', '889445952', '16804', '214', '(105)183-7822 x07040', '2013-01-28 22:34:45', '2013-01-28 22:34:45', null, null), ('600595061', 'Kaylee', 'Reynolds', '54107 Adams Harbor', 'Suite 961', 'Port Kadin', '889445952', '16804', '214', '996.723.0214', '2013-01-28 22:34:45', '2013-01-28 22:34:45', null, null), ('601766538', 'Ralph', 'Krajcik', '8428 Harvey Springs', 'Suite 029', 'New Emmiehaven', '889445952', '16804', '214', '(836)371-4143 x3086', '2013-01-28 22:34:45', '2013-01-28 22:34:45', null, null), ('607887544', 'Westley', 'Rutherford', '015 Padberg Loop', 'Apt. 094', 'Ronnystad', '889445952', '16804', '214', '1-025-431-0947 x68504', '2013-01-28 22:34:45', '2013-01-28 22:34:45', null, null), ('608577097', 'Diego', 'Herzog', '27983 Crist Underpass', 'Suite 764', 'Neldastad', '889445952', '16804', '214', '(204)337-9749 x99161', '2013-01-28 22:34:45', '2013-01-28 22:34:45', null, null), ('609502910', 'Vesta', 'Jacobi', '023 Ashley Gardens', 'Apt. 302', 'Moseland', '889445952', '16804', '214', '(328)791-1959', '2013-01-28 22:34:45', '2013-01-28 22:34:45', null, null), ('614571630', 'Bell', 'Kunze', '491 Otis Rue', 'Apt. 478', 'Reichelville', '889445952', '16804', '214', '631.732.0213 x42747', '2013-01-28 22:34:45', '2013-01-28 22:34:45', null, null), ('615775889', 'Vincenza', 'Reinger', '8979 Hermiston Haven', 'Apt. 677', 'Alfredville', '889445952', '16804', '214', '1-988-466-8930', '2013-01-28 22:34:45', '2013-01-28 22:34:45', null, null), ('625209012', 'Michel', 'Koepp', '11724 Verda Turnpike', 'Apt. 852', 'Strackeview', '889445952', '16804', '214', '1-641-192-4800 x48728', '2013-01-28 22:34:45', '2013-01-28 22:34:45', null, null), ('626101841', 'Alexandro', 'Torp', '81865 Aufderhar Grove', 'Apt. 954', 'Cassinport', '889445952', '16804', '214', '179-777-1422 x8792', '2013-01-28 22:34:45', '2013-01-28 22:34:45', null, null), ('653224093', 'Dereck', 'Schultz', '01358 Jalyn Island', 'Apt. 186', 'Harmonton', '889445952', '16804', '214', '684.219.6217 x66194', '2013-01-28 22:34:45', '2013-01-28 22:34:45', null, null), ('654116968', 'Tressa', 'Mills', '86875 Dedric Circles', 'Apt. 349', 'Port Marina', '889445952', '16804', '214', '1-395-234-9557', '2013-01-28 22:34:45', '2013-01-28 22:34:45', null, null), ('655169605', 'Bertha', 'Hane', '360 Hodkiewicz Wells', 'Apt. 057', 'North Garretland', '889445952', '16804', '214', '(066)105-6303 x45258', '2013-01-28 22:34:45', '2013-01-28 22:34:45', null, null), ('656373946', 'Derrick', 'Bode', '2681 Bechtelar Parks', 'Apt. 987', 'Delphaburgh', '889445952', '16804', '214', '035.913.3048 x44294', '2013-01-28 22:34:45', '2013-01-28 22:34:45', null, null), ('660001923', 'Valerie', 'Bayer', '77456 Rosemary Mall', 'Suite 756', 'West Jeannechester', '889445952', '16804', '214', '799.442.1138 x61837', '2013-01-28 22:34:45', '2013-01-28 22:34:45', null, null), ('669687922', 'Bianka', 'Prosacco', '302 Salvatore Drive', 'Apt. 791', 'Bauchport', '889445952', '16804', '214', '1-858-432-7174 x6694', '2013-01-28 22:34:45', '2013-01-28 22:34:45', null, null), ('670613653', 'Darby', 'Feest', '79139 Aniya Flat', 'Apt. 187', 'New Cristopherville', '889445952', '16804', '214', '280-154-7622 x5550', '2013-01-28 22:34:45', '2013-01-28 22:34:45', null, null), ('676105863', 'Kallie', 'Feil', '21526 Ransom Plains', 'Suite 669', 'Laceyberg', '889445952', '16804', '214', '078.696.2980 x89845', '2013-01-28 22:34:45', '2013-01-28 22:34:45', null, null), ('699334235', 'Laurine', 'Mayert', '65635 Lang Field', 'Apt. 642', 'South Martine', '889445952', '16804', '214', '360.064.0805 x56657', '2013-01-28 22:34:45', '2013-01-28 22:34:45', null, null), ('700227236', 'Kelley', 'Rogahn', '0839 Borer Lake', 'Suite 987', 'Brisabury', '889445952', '16804', '214', '(937)767-4735', '2013-01-28 22:34:45', '2013-01-28 22:34:45', null, null), ('700772492', 'Cheyanne', 'Ernser', '85121 Pfannerstill Mountain', 'Apt. 223', 'Gerholdburgh', '889445952', '16804', '214', '440.459.7793', '2013-01-28 22:34:45', '2013-01-28 22:34:45', null, null), ('704804980', 'Jerel', 'Barton', '36507 Romaguera Garden', 'Suite 154', 'East Drew', '889445952', '16804', '214', '1-257-564-8831 x1334', '2013-01-28 22:34:45', '2013-01-28 22:34:45', null, null), ('705697931', 'Darrin', 'Howe', '459 Wintheiser Fords', 'Apt. 578', 'North Nellieshire', '889445952', '16804', '214', '848-009-3148', '2013-01-28 22:34:45', '2013-01-28 22:34:45', null, null), ('711489187', 'Tate', 'Gorczany', '142 Madaline Ridge', 'Apt. 697', 'East Keatonburgh', '889445952', '16804', '214', '764.333.9380', '2013-01-28 22:34:45', '2013-01-28 22:34:45', null, null), ('719333514', 'Samson', 'Kreiger', '388 Estefania Parkways', 'Suite 446', 'Port Avismouth', '889445952', '16804', '214', '1-013-612-5988', '2013-01-28 22:34:45', '2013-01-28 22:34:45', null, null), ('736102574', 'Marcel', 'Runolfsdottir', '9307 Norris Stream', 'Apt. 854', 'Port Queenie', '889445952', '16804', '214', '(420)213-7909', '2013-01-28 22:34:45', '2013-01-28 22:34:45', null, null), ('747490487', 'Augustus', 'Hegmann', '3537 Price Ford', 'Suite 729', 'Alannaport', '889445952', '16804', '214', '277-768-2170 x734', '2013-01-28 22:34:45', '2013-01-28 22:34:45', null, null), ('754295455', 'Loyal', 'Brown', '0180 Shana Trail', 'Suite 332', 'Lake Leta', '889445952', '16804', '214', '1-588-642-6741', '2013-01-28 22:34:45', '2013-01-28 22:34:45', null, null), ('762297451', 'Kristy', 'Abbott', '2633 Reilly Ridge', 'Suite 141', 'Williamsonshire', '889445952', '16804', '214', '083-730-5967 x87446', '2013-01-28 22:34:45', '2013-01-28 22:34:45', null, null), ('763223188', 'Fleta', 'Greenfelder', '21287 Kohler Passage', 'Suite 868', 'Kshlerinmouth', '889445952', '16804', '214', '1-279-669-2058', '2013-01-28 22:34:45', '2013-01-28 22:34:45', null, null), ('770730608', 'Christy', 'Green', '9537 Wolff Drive', 'Suite 272', 'Minnieton', '889445952', '16804', '214', '1-001-741-3237 x97274', '2013-01-28 22:34:45', '2013-01-28 22:34:45', null, null), ('777841735', 'Desiree', 'Hand', '7156 Blaise Lock', 'Apt. 024', 'West Tellyhaven', '889445952', '16804', '214', '1-503-503-8394', '2013-01-28 22:34:45', '2013-01-28 22:34:45', null, null), ('784546372', 'Arch', 'Kuphal', '4038 Kacey Centers', 'Suite 908', 'Botsfordville', '889445952', '16804', '214', '(465)027-1301 x21945', '2013-01-28 22:34:45', '2013-01-28 22:34:45', null, null), ('785472187', 'Jaunita', 'Ratke', '4163 Elissa Estate', 'Apt. 989', 'Millermouth', '889445952', '16804', '214', '048-535-5808 x23935', '2013-01-28 22:34:45', '2013-01-28 22:34:45', null, null), ('790710942', 'Makenzie', 'Hills', '46848 Juanita Villages', 'Apt. 304', 'Smithchester', '889445952', '16804', '214', '1-923-922-2307 x09190', '2013-01-28 22:34:45', '2013-01-28 22:34:45', null, null), ('794371254', 'Sibyl', 'Kiehn', '0733 Emmerich Plaza', 'Apt. 757', 'New Vernerside', '889445952', '16804', '214', '(102)380-1508 x491', '2013-01-28 22:34:45', '2013-01-28 22:34:45', null, null), ('813960457', 'Sallie', 'Glover', '8288 Heller Tunnel', 'Apt. 479', 'South Kristoferbury', '889445952', '16804', '214', '(652)766-9160', '2013-01-28 22:34:45', '2013-01-28 22:34:45', null, null), ('816295907', 'Josiane', 'Hahn', '25431 Bruen Forest', 'Apt. 952', 'Binschester', '889445952', '16804', '214', '196-824-2927 x42814', '2013-01-28 22:34:45', '2013-01-28 22:34:45', null, null), ('817221404', 'Janae', 'Sawayn', '6225 DuBuque Lane', 'Apt. 517', 'South Rosamondfort', '889445952', '16804', '214', '(414)518-0426', '2013-01-28 22:34:45', '2013-01-28 22:34:45', null, null), ('819970507', 'Reymundo', 'Jakubowski', '569 Carroll Station', 'Suite 468', 'North Tristin', '889445952', '16804', '214', '508.272.4717', '2013-01-28 22:34:45', '2013-01-28 22:34:45', null, null), ('826662719', 'Kasandra', 'Price', '735 Thiel Squares', 'Suite 975', 'Littelshire', '889445952', '16804', '214', '410-936-4575 x516', '2013-01-28 22:34:45', '2013-01-28 22:34:45', null, null), ('854153494', 'Alverta', 'Morissette', '0234 Lenna Groves', 'Apt. 707', 'Howefort', '889445952', '16804', '214', '357.941.1787', '2013-01-28 22:34:45', '2013-01-28 22:34:45', null, null), ('856369612', 'Layla', 'Dickinson', '523 Gerlach Burgs', 'Apt. 665', 'Lake Oda', '889445952', '16804', '214', '1-521-051-0407', '2013-01-28 22:34:45', '2013-01-28 22:34:45', null, null), ('857295155', 'Maud', 'Kirlin', '157 Schulist Islands', 'Apt. 497', 'New Glennieberg', '889445952', '16804', '214', '(355)919-2092', '2013-01-28 22:34:45', '2013-01-28 22:34:45', null, null), ('863193060', 'Brian', 'Gusikowski', '97950 Sporer Row', 'Apt. 939', 'Kleinton', '889445952', '16804', '214', '(134)517-4529 x12077', '2013-01-28 22:34:45', '2013-01-28 22:34:45', null, null), ('879160787', 'Monique', 'Little', '7182 Ted Meadows', 'Suite 404', 'Kundebury', '889445952', '16804', '214', '093-580-9784', '2013-01-28 22:34:45', '2013-01-28 22:34:45', null, null), ('880053548', 'Quinn', 'Emard', '427 Leuschke Point', 'Suite 877', 'South Douglas', '889445952', '16804', '214', '(932)237-9658', '2013-01-28 22:34:45', '2013-01-28 22:34:45', null, null), ('887839535', 'Abby', 'Dare', '732 Schroeder Dam', 'Suite 058', 'South Lilla', '889445952', '16804', '214', '685-309-5673 x4172', '2013-01-28 22:34:45', '2013-01-28 22:34:45', null, null), ('897883407', 'Gwen', 'McLaughlin', '88840 Hand Squares', 'Suite 988', 'Weissnatton', '889445952', '16804', '214', '1-910-249-0345 x17260', '2013-01-28 22:34:45', '2013-01-28 22:34:45', null, null), ('904827870', 'Keyshawn', 'Connelly', '11579 Yost Gardens', 'Suite 795', 'South Emilychester', '889445952', '16804', '214', '(047)450-8511', '2013-01-28 22:34:45', '2013-01-28 22:34:45', null, null), ('908598054', 'Mortimer', 'Kub', '40248 Koepp Ridge', 'Suite 185', 'East Jaydetown', '889445952', '16804', '214', '448.527.6070 x7567', '2013-01-28 22:34:45', '2013-01-28 22:34:45', null, null), ('910300663', 'Leo', 'Dickinson', '5141 Melyna Mission', 'Apt. 050', 'Kamillefort', '889445952', '16804', '214', '(351)180-3675', '2013-01-28 22:34:45', '2013-01-28 22:34:45', null, null), ('927456520', 'Domenico', 'Zboncak', '461 Frankie Mountain', 'Suite 796', 'Danniemouth', '889445952', '16804', '214', '394-821-0523 x5739', '2013-01-28 22:34:45', '2013-01-28 22:34:45', null, null), ('936012796', 'Claud', 'Hettinger', '26021 Aurore Burg', 'Suite 816', 'New Imogeneville', '889445952', '16804', '214', '707-594-1728', '2013-01-28 22:34:45', '2013-01-28 22:34:45', null, null), ('936905475', 'Reyes', 'Runolfsdottir', '816 Meta Island', 'Apt. 600', 'Donnellyside', '889445952', '16804', '214', '(444)379-9427', '2013-01-28 22:34:45', '2013-01-28 22:34:45', null, null), ('948698432', 'Anais', 'Towne', '33011 Stone Dam', 'Apt. 278', 'Gibsonburgh', '889445952', '16804', '214', '(813)105-9906 x8023', '2013-01-28 22:34:45', '2013-01-28 22:34:45', null, null), ('949591493', 'Octavia', 'Mills', '1451 Davin Shores', 'Suite 672', 'Jaceyfort', '889445952', '16804', '214', '1-585-215-8647', '2013-01-28 22:34:45', '2013-01-28 22:34:45', null, null), ('956531505', 'Eriberto', 'Wiegand', '600 Mortimer Spur', 'Apt. 153', 'East Lucienneland', '889445952', '16804', '214', '(814)489-1684 x430', '2013-01-28 22:34:45', '2013-01-28 22:34:45', null, null), ('959594786', 'Bart', 'Block', '13599 Walter Branch', 'Apt. 167', 'North Hailee', '889445952', '16804', '214', '977-509-6334', '2013-01-28 22:34:45', '2013-01-28 22:34:45', null, null), ('963218914', 'Vicky', 'Ritchie', '27139 Funk Hills', 'Suite 534', 'South Ardith', '889445952', '16804', '214', '215-933-1827', '2013-01-28 22:34:45', '2013-01-28 22:34:45', null, null), ('964422941', 'Brady', 'Parisian', '44029 Morissette Brooks', 'Apt. 091', 'South Lyricmouth', '889445952', '16804', '214', '000.818.2884', '2013-01-28 22:34:45', '2013-01-28 22:34:45', null, null), ('965621197', 'Alene', 'Cronin', '568 Feeney Row', 'Apt. 241', 'Rutherfordburgh', '889445952', '16804', '214', '(069)476-4100 x3819', '2013-01-28 22:34:45', '2013-01-28 22:34:45', null, null), ('966546746', 'Travon', 'Jones', '03888 McGlynn Glens', 'Apt. 226', 'South Bethany', '889445952', '16804', '214', '(570)244-2827', '2013-01-28 22:34:45', '2013-01-28 22:34:45', null, null), ('975352806', 'Ramona', 'Auer', '242 Hartmann Flat', 'Suite 687', 'Abbyburgh', '889445952', '16804', '214', '215-449-8824', '2013-01-28 22:34:45', '2013-01-28 22:34:45', null, null), ('976278305', 'Jaylon', 'Stehr', '1641 Schneider Fields', 'Suite 564', 'Julietchester', '889445952', '16804', '214', '897-529-6842', '2013-01-28 22:34:45', '2013-01-28 22:34:45', null, null), ('979318045', 'Jaiden', 'Reilly', '31405 Beatty Fords', 'Apt. 469', 'Lake Dariofurt', '889445952', '16804', '214', '806.101.1430 x547', '2013-01-28 22:34:45', '2013-01-28 22:34:45', null, null), ('984548634', 'Willis', 'Greenfelder', '2814 Estrella Shores', 'Suite 423', 'Aubreestad', '889445952', '16804', '214', '679-106-2566', '2013-01-28 22:34:45', '2013-01-28 22:34:45', null, null), ('985992137', 'Addison', 'Grady', '612 Vida Court', 'Suite 953', 'Robertsside', '889445952', '16804', '214', '(908)160-0376 x9249', '2013-01-28 22:34:45', '2013-01-28 22:34:45', null, null), ('987196214', 'Marshall', 'Crist', '70349 Pfannerstill Village', 'Suite 248', 'Deondreport', '889445952', '16804', '214', '389-631-4856', '2013-01-28 22:34:45', '2013-01-28 22:34:45', null, null), ('992443161', 'Ursula', 'Von', '694 Grant Prairie', 'Apt. 784', 'Heidenreichberg', '889445952', '16804', '214', '203-952-8324 x7487', '2013-01-28 22:34:45', '2013-01-28 22:34:45', null, null), ('993336300', 'Ebba', 'Weimann', '688 Kerluke Branch', 'Apt. 689', 'New Frances', '889445952', '16804', '214', '011-432-4204', '2013-01-28 22:34:45', '2013-01-28 22:34:45', null, null), ('1009963300', 'Jannie', 'Ortiz', '268 Antonette Knolls', 'Apt. 163', 'North Arelyland', '889445952', '16804', '214', '699.374.3631 x5499', '2013-01-28 22:34:45', '2013-01-28 22:34:45', null, null), ('1011531536', 'Esmeralda', 'Cormier', '046 Jason Station', 'Suite 301', 'North Erin', '889445952', '16804', '214', '822-963-4036 x2604', '2013-01-28 22:34:45', '2013-01-28 22:34:45', null, null), ('1012457461', 'Leta', 'Wolf', '565 Ryleigh Drive', 'Apt. 515', 'New Aniya', '889445952', '16804', '214', '1-668-157-4182 x107', '2013-01-28 22:34:45', '2013-01-28 22:34:45', null, null), ('1026748676', 'Meda', 'Fisher', '817 Price Way', 'Apt. 208', 'Pagacville', '889445952', '16804', '214', '636-677-2383 x557', '2013-01-28 22:34:45', '2013-01-28 22:34:45', null, null), ('1028618237', 'Laura', 'Fisher', '925 Hane Tunnel', 'Suite 062', 'Turnerside', '889445952', '16804', '214', '1-829-897-3522 x913', '2013-01-28 22:34:45', '2013-01-28 22:34:45', null, null), ('1029510922', 'Mina', 'Botsford', '667 Theodora Trace', 'Apt. 961', 'Kennediview', '889445952', '16804', '214', '602.167.3042 x35896', '2013-01-28 22:34:45', '2013-01-28 22:34:45', null, null), ('1034473426', 'Kevon', 'Hand', '997 Karen Square', 'Apt. 369', 'Susiemouth', '889445952', '16804', '214', '090-290-6469 x11236', '2013-01-28 22:34:45', '2013-01-28 22:34:45', null, null), ('1035644717', 'Concepcion', 'Dickens', '633 Yundt Vista', 'Apt. 036', 'South Malcolmland', '889445952', '16804', '214', '063.925.9442', '2013-01-28 22:34:45', '2013-01-28 22:34:45', null, null), ('1040468473', 'Chelsie', 'Macejkovic', '76615 Beer Avenue', 'Suite 961', 'Port Ben', '889445952', '16804', '214', '1-754-957-5536', '2013-01-28 22:34:45', '2013-01-28 22:34:45', null, null), ('1041639686', 'Howard', 'McCullough', '320 Witting Cliff', 'Apt. 083', 'New Nettiehaven', '889445952', '16804', '214', '1-565-558-0255', '2013-01-28 22:34:45', '2013-01-28 22:34:45', null, null), ('1046447419', 'Lilla', 'Schumm', '023 Bernhard Island', 'Suite 183', 'Garrickside', '889445952', '16804', '214', '670.966.8835 x3333', '2013-01-28 22:34:45', '2013-01-28 22:34:45', null, null), ('1055125974', 'Shanelle', 'Upton', '85782 Koss Spur', 'Apt. 191', 'New Gabe', '889445952', '16804', '214', '1-193-360-8652', '2013-01-28 22:34:45', '2013-01-28 22:34:45', null, null), ('1056018737', 'Freddie', 'Schaefer', '04956 Runolfsson Stravenue', 'Apt. 617', 'Lake Jaronview', '889445952', '16804', '214', '(151)860-8267', '2013-01-28 22:34:45', '2013-01-28 22:34:45', null, null), ('1067341581', 'Titus', 'Pfeffer', '0548 Agustin Alley', 'Suite 839', 'West Britney', '889445952', '16804', '214', '(618)544-8992 x37803', '2013-01-28 22:34:45', '2013-01-28 22:34:45', null, null), ('1072052521', 'Austin', 'Simonis', '933 Vandervort Isle', 'Apt. 226', 'Port Colleenmouth', '889445952', '16804', '214', '(553)793-0676 x91010', '2013-01-28 22:34:45', '2013-01-28 22:34:45', null, null), ('1072978396', 'Kelvin', 'Bode', '24045 Brandt Glen', 'Suite 809', 'Cummeratafurt', '889445952', '16804', '214', '326-294-2581 x637', '2013-01-28 22:34:45', '2013-01-28 22:34:45', null, null);
COMMIT;

-- ----------------------------
--  Table structure for `adjustments`
-- ----------------------------
DROP TABLE IF EXISTS `adjustments`;
CREATE TABLE `adjustments` (
  `id` int(11) NOT NULL AUTO_INCREMENT,
  `order_id` int(11) DEFAULT NULL,
  `amount` decimal(8,2) DEFAULT NULL,
  `label` varchar(255) DEFAULT NULL,
  `created_at` datetime DEFAULT NULL,
  `updated_at` datetime DEFAULT NULL,
  `source_id` int(11) DEFAULT NULL,
  `source_type` varchar(255) DEFAULT NULL,
  `mandatory` tinyint(1) DEFAULT NULL,
  `locked` tinyint(1) DEFAULT NULL,
  `originator_id` int(11) DEFAULT NULL,
  `originator_type` varchar(255) DEFAULT NULL,
  PRIMARY KEY (`id`),
  KEY `index_adjustments_on_order_id` (`order_id`)
) ENGINE=InnoDB AUTO_INCREMENT=1073043775 DEFAULT CHARSET=utf8;

-- ----------------------------
--  Records of `adjustments`
-- ----------------------------
BEGIN;
INSERT INTO `adjustments` VALUES ('684130', '264449064', '5.00', 'Shipping', '2013-01-28 22:34:46', '2013-01-28 22:34:46', '968652773', 'Shipment', '1', '1', null, null), ('1577115', '265374943', '5.00', 'Shipping', '2013-01-28 22:34:46', '2013-01-28 22:34:46', '967710488', 'Shipment', '1', '1', null, null), ('1690302', '539762571', '0.00', 'Tax', '2013-01-28 22:34:46', '2013-01-28 22:34:46', '539762571', 'Order', '1', '0', null, null), ('9236917', '1069267029', '0.00', 'Tax', '2013-01-28 22:34:46', '2013-01-28 22:34:46', '1069267029', 'Order', '1', '0', null, null), ('10391880', '1068095656', '0.00', 'Tax', '2013-01-28 22:34:46', '2013-01-28 22:34:46', '1068095656', 'Order', '1', '0', null, null), ('25300591', '239817259', '5.00', 'Shipping', '2013-01-28 22:34:46', '2013-01-28 22:34:46', '942934510', 'Shipment', '1', '1', null, null), ('39249520', '228571690', '5.00', 'Shipping', '2013-01-28 22:34:46', '2013-01-28 22:34:46', '1004593649', 'Shipment', '1', '1', null, null), ('41408013', '349815214', '5.00', 'Shipping', '2013-01-28 22:34:46', '2013-01-28 22:34:46', '312761982', 'Shipment', '1', '1', null, null), ('46270278', '1039486630', '0.00', 'Tax', '2013-01-28 22:34:46', '2013-01-28 22:34:46', '1039486630', 'Order', '1', '0', null, null), ('53166263', '216145139', '5.00', 'Shipping', '2013-01-28 22:34:46', '2013-01-28 22:34:46', '983385912', 'Shipment', '1', '1', null, null), ('55212365', '1014837421', '0.00', 'Tax', '2013-01-28 22:34:46', '2013-01-28 22:34:46', '1014837421', 'Order', '1', '0', null, null), ('78863482', '192544832', '5.00', 'Shipping', '2013-01-28 22:34:46', '2013-01-28 22:34:46', '1023761401', 'Shipment', '1', '1', null, null), ('80897412', '1004874852', '0.00', 'Tax', '2013-01-28 22:34:46', '2013-01-28 22:34:46', '1004874852', 'Order', '1', '0', null, null), ('85594644', '330565047', '5.00', 'Shipping', '2013-01-28 22:34:46', '2013-01-28 22:34:46', '365533797', 'Shipment', '1', '1', null, null), ('87761527', '183664179', '5.00', 'Shipping', '2013-01-28 22:34:46', '2013-01-28 22:34:46', '1015883258', 'Shipment', '1', '1', null, null), ('95404893', '983075517', '0.00', 'Tax', '2013-01-28 22:34:46', '2013-01-28 22:34:46', '983075517', 'Order', '1', '0', null, null), ('103408025', '73849921', '0.00', 'Tax', '2013-01-28 22:34:46', '2013-01-28 22:34:46', '73849921', 'Order', '1', '0', null, null), ('108735330', '961307330', '0.00', 'Tax', '2013-01-28 22:34:46', '2013-01-28 22:34:46', '961307330', 'Order', '1', '0', null, null), ('124236923', '145680447', '5.00', 'Shipping', '2013-01-28 22:34:46', '2013-01-28 22:34:46', '1053930492', 'Shipment', '1', '1', null, null), ('125162626', '146573512', '5.00', 'Shipping', '2013-01-28 22:34:46', '2013-01-28 22:34:46', '1053020929', 'Shipment', '1', '1', null, null), ('132199852', '953580620', '0.00', 'Tax', '2013-01-28 22:34:46', '2013-01-28 22:34:46', '953580620', 'Order', '1', '0', null, null), ('133387601', '952376497', '0.00', 'Tax', '2013-01-28 22:34:46', '2013-01-28 22:34:46', '952376497', 'Order', '1', '0', null, null), ('136716989', '133136121', '5.00', 'Shipping', '2013-01-28 22:34:46', '2013-01-28 22:34:46', '831530304', 'Shipment', '1', '1', null, null), ('137642570', '134028804', '5.00', 'Shipping', '2013-01-28 22:34:46', '2013-01-28 22:34:46', '830621127', 'Shipment', '1', '1', null, null), ('144745328', '932702864', '0.00', 'Tax', '2013-01-28 22:34:46', '2013-01-28 22:34:46', '932702864', 'Order', '1', '0', null, null), ('145933207', '931498615', '0.00', 'Tax', '2013-01-28 22:34:46', '2013-01-28 22:34:46', '931498615', 'Order', '1', '0', null, null), ('154844570', '906884218', '0.00', 'Tax', '2013-01-28 22:34:46', '2013-01-28 22:34:46', '906884218', 'Order', '1', '0', null, null), ('168422838', '893297750', '0.00', 'Tax', '2013-01-28 22:34:46', '2013-01-28 22:34:46', '893297750', 'Order', '1', '0', null, null), ('169577807', '892126383', '0.00', 'Tax', '2013-01-28 22:34:46', '2013-01-28 22:34:46', '892126383', 'Order', '1', '0', null, null), ('174642252', '94472210', '5.00', 'Shipping', '2013-01-28 22:34:46', '2013-01-28 22:34:46', '870241227', 'Shipment', '1', '1', null, null), ('175813809', '95676661', '5.00', 'Shipping', '2013-01-28 22:34:46', '2013-01-28 22:34:46', '869053234', 'Shipment', '1', '1', null, null), ('177171561', '88485925', '5.00', 'Shipping', '2013-01-28 22:34:46', '2013-01-28 22:34:46', '859401190', 'Shipment', '1', '1', null, null), ('178064540', '89411802', '5.00', 'Shipping', '2013-01-28 22:34:46', '2013-01-28 22:34:46', '858458911', 'Shipment', '1', '1', null, null), ('183391643', '903421051', '0.00', 'Tax', '2013-01-28 22:34:46', '2013-01-28 22:34:46', '903421051', 'Order', '1', '0', null, null), ('184300898', '902528130', '0.00', 'Tax', '2013-01-28 22:34:46', '2013-01-28 22:34:46', '902528130', 'Order', '1', '0', null, null), ('218435669', '46943257', '5.00', 'Shipping', '2013-01-28 22:34:46', '2013-01-28 22:34:46', '884152274', 'Shipment', '1', '1', null, null), ('219639976', '48114926', '5.00', 'Shipping', '2013-01-28 22:34:46', '2013-01-28 22:34:46', '882997035', 'Shipment', '1', '1', null, null), ('224668079', '844324943', '0.00', 'Tax', '2013-01-28 22:34:46', '2013-01-28 22:34:46', '844324943', 'Order', '1', '0', null, null), ('225855830', '843120822', '0.00', 'Tax', '2013-01-28 22:34:46', '2013-01-28 22:34:46', '843120822', 'Order', '1', '0', null, null), ('226726274', '850712674', '0.00', 'Tax', '2013-01-28 22:34:46', '2013-01-28 22:34:46', '850712674', 'Order', '1', '0', null, null), ('227668347', '849787035', '0.00', 'Tax', '2013-01-28 22:34:46', '2013-01-28 22:34:46', '849787035', 'Order', '1', '0', null, null), ('232958080', '36435006', '5.00', 'Shipping', '2013-01-28 22:34:46', '2013-01-28 22:34:46', '877965311', 'Shipment', '1', '1', null, null), ('233883781', '37328065', '5.00', 'Shipping', '2013-01-28 22:34:46', '2013-01-28 22:34:46', '877055750', 'Shipment', '1', '1', null, null), ('247699629', '17482993', '5.00', 'Shipping', '2013-01-28 22:34:46', '2013-01-28 22:34:46', '930455338', 'Shipment', '1', '1', null, null), ('256632486', '8567520', '5.00', 'Shipping', '2013-01-28 22:34:46', '2013-01-28 22:34:46', '922607911', 'Shipment', '1', '1', null, null), ('257525345', '9493021', '5.00', 'Shipping', '2013-01-28 22:34:46', '2013-01-28 22:34:46', '921666016', 'Shipment', '1', '1', null, null), ('262122930', '231772182', '0.00', 'Tax', '2013-01-28 22:34:46', '2013-01-28 22:34:46', '231772182', 'Order', '1', '0', null, null), ('265119607', '821702295', '0.00', 'Tax', '2013-01-28 22:34:46', '2013-01-28 22:34:46', '821702295', 'Order', '1', '0', null, null), ('266274704', '820530800', '0.00', 'Tax', '2013-01-28 22:34:46', '2013-01-28 22:34:46', '820530800', 'Order', '1', '0', null, null), ('270634203', '790021435', '0.00', 'Tax', '2013-01-28 22:34:46', '2013-01-28 22:34:46', '790021435', 'Order', '1', '0', null, null), ('288322313', '518401861', '5.00', 'Shipping', '2013-01-28 22:34:46', '2013-01-28 22:34:46', '681145480', 'Shipment', '1', '1', null, null), ('289215486', '519327672', '5.00', 'Shipping', '2013-01-28 22:34:46', '2013-01-28 22:34:46', '680203391', 'Shipment', '1', '1', null, null), ('296350424', '782154552', '0.00', 'Tax', '2013-01-28 22:34:46', '2013-01-28 22:34:46', '782154552', 'Order', '1', '0', null, null), ('297505327', '780983247', '0.00', 'Tax', '2013-01-28 22:34:46', '2013-01-28 22:34:46', '780983247', 'Order', '1', '0', null, null), ('301676563', '330565047', '0.00', 'Tax', '2013-01-28 22:34:46', '2013-01-28 22:34:46', '330565047', 'Order', '1', '0', null, null), ('315149214', '73849921', '5.00', 'Shipping', '2013-01-28 22:34:46', '2013-01-28 22:34:46', '35341291', 'Shipment', '1', '1', null, null), ('317324289', '488679357', '5.00', 'Shipping', '2013-01-28 22:34:46', '2013-01-28 22:34:46', '727710848', 'Shipment', '1', '1', null, null), ('318815246', '741864942', '0.00', 'Tax', '2013-01-28 22:34:46', '2013-01-28 22:34:46', '741864942', 'Order', '1', '0', null, null), ('320003319', '740660503', '0.00', 'Tax', '2013-01-28 22:34:46', '2013-01-28 22:34:46', '740660503', 'Order', '1', '0', null, null), ('325158384', '480827830', '5.00', 'Shipping', '2013-01-28 22:34:46', '2013-01-28 22:34:46', '718766707', 'Shipment', '1', '1', null, null), ('326362381', '481999185', '5.00', 'Shipping', '2013-01-28 22:34:46', '2013-01-28 22:34:46', '717611658', 'Shipment', '1', '1', null, null), ('327564765', '474964377', '5.00', 'Shipping', '2013-01-28 22:34:46', '2013-01-28 22:34:46', '707803742', 'Shipment', '1', '1', null, null), ('328490280', '475857254', '5.00', 'Shipping', '2013-01-28 22:34:46', '2013-01-28 22:34:46', '706894503', 'Shipment', '1', '1', null, null), ('333906979', '751848899', '0.00', 'Tax', '2013-01-28 22:34:46', '2013-01-28 22:34:46', '751848899', 'Order', '1', '0', null, null), ('334849242', '750923066', '0.00', 'Tax', '2013-01-28 22:34:46', '2013-01-28 22:34:46', '750923066', 'Order', '1', '0', null, null), ('336347625', '465903021', '5.00', 'Shipping', '2013-01-28 22:34:46', '2013-01-28 22:34:46', '767182442', 'Shipment', '1', '1', null, null), ('337518868', '467107162', '5.00', 'Shipping', '2013-01-28 22:34:46', '2013-01-28 22:34:46', '765994643', 'Shipment', '1', '1', null, null), ('342718487', '727331319', '0.00', 'Tax', '2013-01-28 22:34:46', '2013-01-28 22:34:46', '727331319', 'Order', '1', '0', null, null), ('343873774', '726159630', '0.00', 'Tax', '2013-01-28 22:34:46', '2013-01-28 22:34:46', '726159630', 'Order', '1', '0', null, null), ('344637498', '733841882', '0.00', 'Tax', '2013-01-28 22:34:46', '2013-01-28 22:34:46', '733841882', 'Order', '1', '0', null, null), ('345546947', '732948771', '0.00', 'Tax', '2013-01-28 22:34:46', '2013-01-28 22:34:46', '732948771', 'Order', '1', '0', null, null), ('351009220', '455255426', '5.00', 'Shipping', '2013-01-28 22:34:46', '2013-01-28 22:34:46', '761134663', 'Shipment', '1', '1', null, null), ('351902017', '456181117', '5.00', 'Shipping', '2013-01-28 22:34:46', '2013-01-28 22:34:46', '760192702', 'Shipment', '1', '1', null, null), ('353427152', '707237680', '0.00', 'Tax', '2013-01-28 22:34:46', '2013-01-28 22:34:46', '707237680', 'Order', '1', '0', null, null), ('373471010', '428600156', '5.00', 'Shipping', '2013-01-28 22:34:46', '2013-01-28 22:34:46', '804565151', 'Shipment', '1', '1', null, null), ('374396901', '429493153', '5.00', 'Shipping', '2013-01-28 22:34:46', '2013-01-28 22:34:46', '803655784', 'Shipment', '1', '1', null, null), ('378993674', '349815214', '0.00', 'Tax', '2013-01-28 22:34:46', '2013-01-28 22:34:46', '349815214', 'Order', '1', '0', null, null), ('381957839', '703823663', '0.00', 'Tax', '2013-01-28 22:34:46', '2013-01-28 22:34:46', '703823663', 'Order', '1', '0', null, null), ('383145528', '702619608', '0.00', 'Tax', '2013-01-28 22:34:46', '2013-01-28 22:34:46', '702619608', 'Order', '1', '0', null, null), ('400075244', '403830194', '5.00', 'Shipping', '2013-01-28 22:34:46', '2013-01-28 22:34:46', '779005547', 'Shipment', '1', '1', null, null), ('412696368', '391144298', '5.00', 'Shipping', '2013-01-28 22:34:46', '2013-01-28 22:34:46', '556742829', 'Shipment', '1', '1', null, null), ('419635674', '382369184', '5.00', 'Shipping', '2013-01-28 22:34:46', '2013-01-28 22:34:46', '548742745', 'Shipment', '1', '1', null, null), ('420561187', '383262055', '5.00', 'Shipping', '2013-01-28 22:34:46', '2013-01-28 22:34:46', '547833508', 'Shipment', '1', '1', null, null), ('428187657', '649259497', '0.00', 'Tax', '2013-01-28 22:34:46', '2013-01-28 22:34:46', '649259497', 'Order', '1', '0', null, null), ('429375732', '648055060', '0.00', 'Tax', '2013-01-28 22:34:46', '2013-01-28 22:34:46', '648055060', 'Order', '1', '0', null, null), ('439382518', '368651700', '5.00', 'Shipping', '2013-01-28 22:34:46', '2013-01-28 22:34:46', '596014713', 'Shipment', '1', '1', null, null), ('441534476', '627442156', '0.00', 'Tax', '2013-01-28 22:34:46', '2013-01-28 22:34:46', '627442156', 'Order', '1', '0', null, null), ('459257816', '345435026', '5.00', 'Shipping', '2013-01-28 22:34:46', '2013-01-28 22:34:46', '585740373', 'Shipment', '1', '1', null, null), ('461277113', '231772182', '5.00', 'Shipping', '2013-01-28 22:34:46', '2013-01-28 22:34:46', '195891138', 'Shipment', '1', '1', null, null), ('466310914', '620502818', '0.00', 'Tax', '2013-01-28 22:34:46', '2013-01-28 22:34:46', '620502818', 'Order', '1', '0', null, null), ('473068495', '335228811', '5.00', 'Shipping', '2013-01-28 22:34:46', '2013-01-28 22:34:46', '629437518', 'Shipment', '1', '1', null, null), ('480678633', '596761353', '0.00', 'Tax', '2013-01-28 22:34:46', '2013-01-28 22:34:46', '596761353', 'Order', '1', '0', null, null), ('497577275', '308359551', '5.00', 'Shipping', '2013-01-28 22:34:46', '2013-01-28 22:34:46', '605973176', 'Shipment', '1', '1', null, null), ('499733701', '587078949', '0.00', 'Tax', '2013-01-28 22:34:46', '2013-01-28 22:34:46', '587078949', 'Order', '1', '0', null, null), ('510584259', '296204679', '5.00', 'Shipping', '2013-01-28 22:34:46', '2013-01-28 22:34:46', '668525120', 'Shipment', '1', '1', null, null), ('511477050', '297130368', '5.00', 'Shipping', '2013-01-28 22:34:46', '2013-01-28 22:34:46', '667583165', 'Shipment', '1', '1', null, null), ('518546448', '568274416', '0.00', 'Tax', '2013-01-28 22:34:46', '2013-01-28 22:34:46', '568274416', 'Order', '1', '0', null, null), ('519701741', '567102733', '0.00', 'Tax', '2013-01-28 22:34:46', '2013-01-28 22:34:46', '567102733', 'Order', '1', '0', null, null), ('526391841', '542594049', '0.00', 'Tax', '2013-01-28 22:34:46', '2013-01-28 22:34:46', '542594049', 'Order', '1', '0', null, null), ('551524735', '790021435', '5.00', 'Shipping', '2013-01-28 22:34:46', '2013-01-28 22:34:46', '426352382', 'Shipment', '1', '1', null, null), ('558204811', '780983247', '5.00', 'Shipping', '2013-01-28 22:34:46', '2013-01-28 22:34:46', '418611208', 'Shipment', '1', '1', null, null), ('559409010', '782154552', '5.00', 'Shipping', '2013-01-28 22:34:46', '2013-01-28 22:34:46', '417456373', 'Shipment', '1', '1', null, null), ('563203233', '601813305', '0.00', 'Tax', '2013-01-28 22:34:46', '2013-01-28 22:34:46', '601813305', 'Order', '1', '0', null, null), ('566429272', '519327672', '0.00', 'Tax', '2013-01-28 22:34:46', '2013-01-28 22:34:46', '519327672', 'Order', '1', '0', null, null), ('567371429', '518401861', '0.00', 'Tax', '2013-01-28 22:34:46', '2013-01-28 22:34:46', '518401861', 'Order', '1', '0', null, null), ('571993693', '488679357', '0.00', 'Tax', '2013-01-28 22:34:46', '2013-01-28 22:34:46', '488679357', 'Order', '1', '0', null, null), ('587952512', '750923066', '5.00', 'Shipping', '2013-01-28 22:34:46', '2013-01-28 22:34:46', '448624385', 'Shipment', '1', '1', null, null), ('588845447', '751848899', '5.00', 'Shipping', '2013-01-28 22:34:46', '2013-01-28 22:34:46', '447682054', 'Shipment', '1', '1', null, null), ('594167942', '475857254', '0.00', 'Tax', '2013-01-28 22:34:46', '2013-01-28 22:34:46', '475857254', 'Order', '1', '0', null, null), ('595077241', '474964377', '0.00', 'Tax', '2013-01-28 22:34:46', '2013-01-28 22:34:46', '474964377', 'Order', '1', '0', null, null), ('596504753', '481999185', '0.00', 'Tax', '2013-01-28 22:34:46', '2013-01-28 22:34:46', '481999185', 'Order', '1', '0', null, null), ('597659734', '480827830', '0.00', 'Tax', '2013-01-28 22:34:46', '2013-01-28 22:34:46', '480827830', 'Order', '1', '0', null, null), ('602720595', '740660503', '5.00', 'Shipping', '2013-01-28 22:34:46', '2013-01-28 22:34:46', '442158806', 'Shipment', '1', '1', null, null), ('603892140', '741864942', '5.00', 'Shipping', '2013-01-28 22:34:46', '2013-01-28 22:34:46', '440970793', 'Shipment', '1', '1', null, null), ('604474525', '456181117', '0.00', 'Tax', '2013-01-28 22:34:46', '2013-01-28 22:34:46', '456181117', 'Order', '1', '0', null, null), ('605416546', '455255426', '0.00', 'Tax', '2013-01-28 22:34:46', '2013-01-28 22:34:46', '455255426', 'Order', '1', '0', null, null), ('610710887', '732948771', '5.00', 'Shipping', '2013-01-28 22:34:46', '2013-01-28 22:34:46', '500216554', 'Shipment', '1', '1', null, null), ('611636640', '733841882', '5.00', 'Shipping', '2013-01-28 22:34:46', '2013-01-28 22:34:46', '499307037', 'Shipment', '1', '1', null, null), ('612437324', '726159630', '5.00', 'Shipping', '2013-01-28 22:34:46', '2013-01-28 22:34:46', '490146509', 'Shipment', '1', '1', null, null), ('613641651', '727331319', '5.00', 'Shipping', '2013-01-28 22:34:46', '2013-01-28 22:34:46', '488991282', 'Shipment', '1', '1', null, null), ('618673338', '467107162', '0.00', 'Tax', '2013-01-28 22:34:46', '2013-01-28 22:34:46', '467107162', 'Order', '1', '0', null, null), ('619861069', '465903021', '0.00', 'Tax', '2013-01-28 22:34:46', '2013-01-28 22:34:46', '465903021', 'Order', '1', '0', null, null), ('634387213', '862055596', '5.00', 'Shipping', '2013-01-28 22:34:46', '2013-01-28 22:34:46', '891057020', 'Shipment', '1', '1', null, null), ('636406634', '707237680', '5.00', 'Shipping', '2013-01-28 22:34:46', '2013-01-28 22:34:46', '475581673', 'Shipment', '1', '1', null, null), ('640172946', '702619608', '5.00', 'Shipping', '2013-01-28 22:34:46', '2013-01-28 22:34:46', '530465809', 'Shipment', '1', '1', null, null), ('641344363', '703823663', '5.00', 'Shipping', '2013-01-28 22:34:46', '2013-01-28 22:34:46', '529278188', 'Shipment', '1', '1', null, null), ('648987201', '429493153', '0.00', 'Tax', '2013-01-28 22:34:46', '2013-01-28 22:34:46', '429493153', 'Order', '1', '0', null, null), ('649896636', '428600156', '0.00', 'Tax', '2013-01-28 22:34:46', '2013-01-28 22:34:46', '428600156', 'Order', '1', '0', null, null), ('651518922', '539762571', '5.00', 'Shipping', '2013-01-28 22:34:46', '2013-01-28 22:34:46', '1020487291', 'Shipment', '1', '1', null, null), ('654051466', '615724322', '0.00', 'Tax', '2013-01-28 22:34:46', '2013-01-28 22:34:46', '615724322', 'Order', '1', '0', null, null), ('656850002', '403830194', '0.00', 'Tax', '2013-01-28 22:34:46', '2013-01-28 22:34:46', '403830194', 'Order', '1', '0', null, null), ('677849738', '391144298', '0.00', 'Tax', '2013-01-28 22:34:46', '2013-01-28 22:34:46', '391144298', 'Order', '1', '0', null, null), ('694801754', '648055060', '5.00', 'Shipping', '2013-01-28 22:34:46', '2013-01-28 22:34:46', '283103959', 'Shipment', '1', '1', null, null), ('695973293', '649259497', '5.00', 'Shipping', '2013-01-28 22:34:46', '2013-01-28 22:34:46', '281915952', 'Shipment', '1', '1', null, null), ('703550599', '383262055', '0.00', 'Tax', '2013-01-28 22:34:46', '2013-01-28 22:34:46', '383262055', 'Order', '1', '0', null, null), ('704459904', '382369184', '0.00', 'Tax', '2013-01-28 22:34:46', '2013-01-28 22:34:46', '382369184', 'Order', '1', '0', null, null), ('716135858', '627442156', '5.00', 'Shipping', '2013-01-28 22:34:46', '2013-01-28 22:34:46', '320428591', 'Shipment', '1', '1', null, null), ('718169172', '368651700', '0.00', 'Tax', '2013-01-28 22:34:46', '2013-01-28 22:34:46', '368651700', 'Order', '1', '0', null, null), ('722760507', '1035625630', '5.00', 'Shipping', '2013-01-28 22:34:46', '2013-01-28 22:34:46', '1002961742', 'Shipment', '1', '1', null, null), ('724910940', '620502818', '5.00', 'Shipping', '2013-01-28 22:34:46', '2013-01-28 22:34:46', '310592731', 'Shipment', '1', '1', null, null), ('732013170', '345435026', '0.00', 'Tax', '2013-01-28 22:34:46', '2013-01-28 22:34:46', '345435026', 'Order', '1', '0', null, null), ('743999301', '596761353', '5.00', 'Shipping', '2013-01-28 22:34:46', '2013-01-28 22:34:46', '367952066', 'Shipment', '1', '1', null, null), ('746174244', '987209861', '5.00', 'Shipping', '2013-01-28 22:34:46', '2013-01-28 22:34:46', '1017790295', 'Shipment', '1', '1', null, null), ('751593067', '335228811', '0.00', 'Tax', '2013-01-28 22:34:46', '2013-01-28 22:34:46', '335228811', 'Order', '1', '0', null, null), ('758595937', '587078949', '5.00', 'Shipping', '2013-01-28 22:34:46', '2013-01-28 22:34:46', '344016612', 'Shipment', '1', '1', null, null), ('760641695', '308359551', '0.00', 'Tax', '2013-01-28 22:34:46', '2013-01-28 22:34:46', '308359551', 'Order', '1', '0', null, null), ('772018513', '567102733', '5.00', 'Shipping', '2013-01-28 22:34:46', '2013-01-28 22:34:46', '397547216', 'Shipment', '1', '1', null, null), ('773222838', '568274416', '5.00', 'Shipping', '2013-01-28 22:34:46', '2013-01-28 22:34:46', '396391991', 'Shipment', '1', '1', null, null), ('780308640', '297130368', '0.00', 'Tax', '2013-01-28 22:34:46', '2013-01-28 22:34:46', '297130368', 'Order', '1', '0', null, null), ('781250663', '296204679', '0.00', 'Tax', '2013-01-28 22:34:46', '2013-01-28 22:34:46', '296204679', 'Order', '1', '0', null, null), ('798887869', '542594049', '5.00', 'Shipping', '2013-01-28 22:34:46', '2013-01-28 22:34:46', '371722298', 'Shipment', '1', '1', null, null), ('811631854', '1068095656', '5.00', 'Shipping', '2013-01-28 22:34:46', '2013-01-28 22:34:46', '165053295', 'Shipment', '1', '1', null, null), ('812835865', '1069267029', '5.00', 'Shipping', '2013-01-28 22:34:46', '2013-01-28 22:34:46', '163898264', 'Shipment', '1', '1', null, null), ('820380991', '265374943', '0.00', 'Tax', '2013-01-28 22:34:46', '2013-01-28 22:34:46', '265374943', 'Order', '1', '0', null, null), ('821323208', '264449064', '0.00', 'Tax', '2013-01-28 22:34:46', '2013-01-28 22:34:46', '264449064', 'Order', '1', '0', null, null), ('825151760', '862055596', '0.00', 'Tax', '2013-01-28 22:34:46', '2013-01-28 22:34:46', '862055596', 'Order', '1', '0', null, null), ('830217163', '239817259', '0.00', 'Tax', '2013-01-28 22:34:46', '2013-01-28 22:34:46', '239817259', 'Order', '1', '0', null, null), ('840770179', '615724322', '5.00', 'Shipping', '2013-01-28 22:34:46', '2013-01-28 22:34:46', '583969526', 'Shipment', '1', '1', null, null), ('842797792', '1039486630', '5.00', 'Shipping', '2013-01-28 22:34:46', '2013-01-28 22:34:46', '193598819', 'Shipment', '1', '1', null, null), ('849933258', '228571690', '0.00', 'Tax', '2013-01-28 22:34:46', '2013-01-28 22:34:46', '228571690', 'Order', '1', '0', null, null), ('867462385', '1014837421', '5.00', 'Shipping', '2013-01-28 22:34:46', '2013-01-28 22:34:46', '167930736', 'Shipment', '1', '1', null, null), ('869618963', '216145139', '0.00', 'Tax', '2013-01-28 22:34:46', '2013-01-28 22:34:46', '216145139', 'Order', '1', '0', null, null), ('875327522', '1004874852', '5.00', 'Shipping', '2013-01-28 22:34:46', '2013-01-28 22:34:46', '228226979', 'Shipment', '1', '1', null, null), ('877480416', '192544832', '0.00', 'Tax', '2013-01-28 22:34:46', '2013-01-28 22:34:46', '192544832', 'Order', '1', '0', null, null), ('894555897', '983075517', '5.00', 'Shipping', '2013-01-28 22:34:46', '2013-01-28 22:34:46', '216519034', 'Shipment', '1', '1', null, null), ('896591516', '601813305', '5.00', 'Shipping', '2013-01-28 22:34:46', '2013-01-28 22:34:46', '631467759', 'Shipment', '1', '1', null, null), ('902117331', '183664179', '0.00', 'Tax', '2013-01-28 22:34:46', '2013-01-28 22:34:46', '183664179', 'Order', '1', '0', null, null), ('914702076', '961307330', '5.00', 'Shipping', '2013-01-28 22:34:46', '2013-01-28 22:34:46', '255015291', 'Shipment', '1', '1', null, null), ('923615477', '952376497', '5.00', 'Shipping', '2013-01-28 22:34:46', '2013-01-28 22:34:46', '247154552', 'Shipment', '1', '1', null, null), ('924786706', '953580620', '5.00', 'Shipping', '2013-01-28 22:34:46', '2013-01-28 22:34:46', '245966735', 'Shipment', '1', '1', null, null), ('931905832', '146573512', '0.00', 'Tax', '2013-01-28 22:34:46', '2013-01-28 22:34:46', '146573512', 'Order', '1', '0', null, null), ('932815327', '145680447', '0.00', 'Tax', '2013-01-28 22:34:46', '2013-01-28 22:34:46', '145680447', 'Order', '1', '0', null, null), ('944559667', '931498615', '5.00', 'Shipping', '2013-01-28 22:34:46', '2013-01-28 22:34:46', '33214900', 'Shipment', '1', '1', null, null), ('945731274', '932702864', '5.00', 'Shipping', '2013-01-28 22:34:46', '2013-01-28 22:34:46', '32026953', 'Shipment', '1', '1', null, null), ('949525797', '987209861', '0.00', 'Tax', '2013-01-28 22:34:46', '2013-01-28 22:34:46', '987209861', 'Order', '1', '0', null, null), ('952784868', '134028804', '0.00', 'Tax', '2013-01-28 22:34:46', '2013-01-28 22:34:46', '134028804', 'Order', '1', '0', null, null), ('953693977', '133136121', '0.00', 'Tax', '2013-01-28 22:34:46', '2013-01-28 22:34:46', '133136121', 'Order', '1', '0', null, null), ('969189440', '906884218', '5.00', 'Shipping', '2013-01-28 22:34:46', '2013-01-28 22:34:46', '7516093', 'Shipment', '1', '1', null, null), ('973217992', '902528130', '5.00', 'Shipping', '2013-01-28 22:34:46', '2013-01-28 22:34:46', '62138181', 'Shipment', '1', '1', null, null), ('974143551', '903421051', '5.00', 'Shipping', '2013-01-28 22:34:46', '2013-01-28 22:34:46', '61228994', 'Shipment', '1', '1', null, null), ('979573050', '89411802', '0.00', 'Tax', '2013-01-28 22:34:46', '2013-01-28 22:34:46', '89411802', 'Order', '1', '0', null, null), ('980515269', '88485925', '0.00', 'Tax', '2013-01-28 22:34:46', '2013-01-28 22:34:46', '88485925', 'Order', '1', '0', null, null), ('981770517', '95676661', '0.00', 'Tax', '2013-01-28 22:34:46', '2013-01-28 22:34:46', '95676661', 'Order', '1', '0', null, null), ('982958578', '94472210', '0.00', 'Tax', '2013-01-28 22:34:46', '2013-01-28 22:34:46', '94472210', 'Order', '1', '0', null, null), ('988125419', '892126383', '5.00', 'Shipping', '2013-01-28 22:34:46', '2013-01-28 22:34:46', '55811946', 'Shipment', '1', '1', null, null), ('989329428', '893297750', '5.00', 'Shipping', '2013-01-28 22:34:46', '2013-01-28 22:34:46', '54656917', 'Shipment', '1', '1', null, null), ('1024384289', '37328065', '0.00', 'Tax', '2013-01-28 22:34:46', '2013-01-28 22:34:46', '37328065', 'Order', '1', '0', null, null), ('1025293790', '36435006', '0.00', 'Tax', '2013-01-28 22:34:46', '2013-01-28 22:34:46', '36435006', 'Order', '1', '0', null, null), ('1030743263', '849787035', '5.00', 'Shipping', '2013-01-28 22:34:46', '2013-01-28 22:34:46', '81388382', 'Shipment', '1', '1', null, null), ('1031636008', '850712674', '5.00', 'Shipping', '2013-01-28 22:34:46', '2013-01-28 22:34:46', '80446377', 'Shipment', '1', '1', null, null), ('1032346868', '843120822', '5.00', 'Shipping', '2013-01-28 22:34:46', '2013-01-28 22:34:46', '71195505', 'Shipment', '1', '1', null, null), ('1033518091', '844324943', '5.00', 'Shipping', '2013-01-28 22:34:46', '2013-01-28 22:34:46', '70007694', 'Shipment', '1', '1', null, null), ('1038705934', '48114926', '0.00', 'Tax', '2013-01-28 22:34:46', '2013-01-28 22:34:46', '48114926', 'Order', '1', '0', null, null), ('1039861241', '46943257', '0.00', 'Tax', '2013-01-28 22:34:46', '2013-01-28 22:34:46', '46943257', 'Order', '1', '0', null, null), ('1044221201', '17482993', '0.00', 'Tax', '2013-01-28 22:34:46', '2013-01-28 22:34:46', '17482993', 'Order', '1', '0', null, null), ('1059131946', '820530800', '5.00', 'Shipping', '2013-01-28 22:34:46', '2013-01-28 22:34:46', '110564781', 'Shipment', '1', '1', null, null), ('1060336339', '821702295', '5.00', 'Shipping', '2013-01-28 22:34:46', '2013-01-28 22:34:46', '109409616', 'Shipment', '1', '1', null, null), ('1067947005', '9493021', '0.00', 'Tax', '2013-01-28 22:34:46', '2013-01-28 22:34:46', '9493021', 'Order', '1', '0', null, null), ('1068888832', '8567520', '0.00', 'Tax', '2013-01-28 22:34:46', '2013-01-28 22:34:46', '8567520', 'Order', '1', '0', null, null), ('1073043774', '1035625630', '0.00', 'Tax', '2013-01-28 22:34:46', '2013-01-28 22:34:46', '1035625630', 'Order', '1', '0', null, null);
COMMIT;

-- ----------------------------
--  Table structure for `assets`
-- ----------------------------
DROP TABLE IF EXISTS `assets`;
CREATE TABLE `assets` (
  `id` int(11) NOT NULL AUTO_INCREMENT,
  `viewable_id` int(11) DEFAULT NULL,
  `viewable_type` varchar(50) DEFAULT NULL,
  `attachment_content_type` varchar(255) DEFAULT NULL,
  `attachment_file_name` varchar(255) DEFAULT NULL,
  `attachment_size` int(11) DEFAULT NULL,
  `position` int(11) DEFAULT NULL,
  `type` varchar(75) DEFAULT NULL,
  `attachment_updated_at` datetime DEFAULT NULL,
  `attachment_width` int(11) DEFAULT NULL,
  `attachment_height` int(11) DEFAULT NULL,
  `alt` text,
  PRIMARY KEY (`id`),
  KEY `index_assets_on_viewable_id` (`viewable_id`),
  KEY `index_assets_on_viewable_type_and_type` (`viewable_type`,`type`)
) ENGINE=InnoDB AUTO_INCREMENT=1027 DEFAULT CHARSET=utf8;

-- ----------------------------
--  Records of `assets`
-- ----------------------------
BEGIN;
INSERT INTO `assets` VALUES ('1', '459084718', 'Product', 'image/jpg', 'ror_tote.jpeg', null, '1', 'Image', null, '360', '360', null), ('2', '459084718', 'Product', 'image/jpg', 'ror_tote_back.jpeg', null, '2', 'Image', null, '360', '360', null), ('3', '723959550', 'Product', 'image/jpg', 'ror_bag.jpeg', null, '1', 'Image', null, '360', '360', null), ('4', '1025786064', 'Product', 'image/jpg', 'ror_baseball.jpeg', null, '1', 'Image', null, '360', '360', null), ('5', '1025786064', 'Product', 'image/jpg', 'ror_baseball_back.jpeg', null, '2', 'Image', null, '360', '360', null), ('6', '1060500592', 'Product', 'image/jpg', 'ror_jr_spaghetti.jpeg', null, '1', 'Image', null, '360', '360', null), ('7', '248786582', 'Product', 'image/jpg', 'ror_mug.jpeg', null, '1', 'Image', null, '360', '360', null), ('8', '248786582', 'Product', 'image/jpg', 'ror_mug_back.jpeg', null, '2', 'Image', null, '360', '360', null), ('9', '187438981', 'Product', 'image/jpg', 'ror_ringer.jpeg', null, '1', 'Image', null, '360', '360', null), ('10', '187438981', 'Product', 'image/jpg', 'ror_ringer_back.jpeg', null, '2', 'Image', null, '360', '360', null), ('11', '1035865702', 'Product', 'image/jpg', 'ror_stein.jpeg', null, '1', 'Image', null, '360', '360', null), ('12', '1035865702', 'Product', 'image/jpg', 'ror_stein_back.jpeg', null, '2', 'Image', null, '360', '360', null), ('1004', '706676762', 'Product', 'image/png', 'apache_baseball.png', null, '1', 'Image', null, '504', '484', null), ('1008', '569012001', 'Product', 'image/png', 'ruby_baseball.png', null, '1', 'Image', null, '495', '477', null), ('1009', '529709246', 'Variant', 'image/png', 'ror_baseball_jersey_green.png', null, '1', 'Image', null, '240', '240', null), ('1010', '529709246', 'Variant', 'image/png', 'ror_baseball_jersey_back_green.png', null, '2', 'Image', null, '240', '240', null), ('1011', '97292824', 'Variant', 'image/png', 'ror_baseball_jersey_green.png', null, '1', 'Image', null, '240', '240', null), ('1012', '97292824', 'Variant', 'image/png', 'ror_baseball_jersey_back_green.png', null, '2', 'Image', null, '240', '240', null), ('1013', '265742438', 'Variant', 'image/png', 'ror_baseball_jersey_green.png', null, '1', 'Image', null, '240', '240', null), ('1014', '265742438', 'Variant', 'image/png', 'ror_baseball_jersey_back_green.png', null, '2', 'Image', null, '240', '240', null), ('1015', '1013589412', 'Variant', 'image/png', 'ror_baseball_jersey_blue.png', null, '1', 'Image', null, '240', '240', null), ('1016', '1013589412', 'Variant', 'image/png', 'ror_baseball_jersey_back_blue.png', null, '2', 'Image', null, '240', '240', null), ('1017', '664770399', 'Variant', 'image/png', 'ror_baseball_jersey_blue.png', null, '1', 'Image', null, '240', '240', null), ('1018', '664770399', 'Variant', 'image/png', 'ror_baseball_jersey_back_blue.png', null, '2', 'Image', null, '240', '240', null), ('1019', '405540681', 'Variant', 'image/png', 'ror_baseball_jersey_blue.png', null, '1', 'Image', null, '240', '240', null), ('1020', '405540681', 'Variant', 'image/png', 'ror_baseball_jersey_back_blue.png', null, '2', 'Image', null, '240', '240', null), ('1021', '568516732', 'Variant', 'image/png', 'ror_baseball_jersey_red.png', null, '1', 'Image', null, '240', '240', null), ('1022', '568516732', 'Variant', 'image/png', 'ror_baseball_jersey_back_red.png', null, '2', 'Image', null, '240', '240', null), ('1023', '947339321', 'Variant', 'image/png', 'ror_baseball_jersey_red.png', null, '1', 'Image', null, '240', '240', null), ('1024', '947339321', 'Variant', 'image/png', 'ror_baseball_jersey_back_red.png', null, '2', 'Image', null, '240', '240', null), ('1025', '325821322', 'Variant', 'image/png', 'ror_baseball_jersey_red.png', null, '1', 'Image', null, '240', '240', null), ('1026', '325821322', 'Variant', 'image/png', 'ror_baseball_jersey_back_red.png', null, '2', 'Image', null, '240', '240', null);
COMMIT;

-- ----------------------------
--  Table structure for `calculators`
-- ----------------------------
DROP TABLE IF EXISTS `calculators`;
CREATE TABLE `calculators` (
  `id` int(11) NOT NULL AUTO_INCREMENT,
  `type` varchar(255) DEFAULT NULL,
  `calculable_id` int(11) NOT NULL,
  `calculable_type` varchar(255) NOT NULL,
  `created_at` datetime DEFAULT NULL,
  `updated_at` datetime DEFAULT NULL,
  PRIMARY KEY (`id`)
) ENGINE=InnoDB AUTO_INCREMENT=574015645 DEFAULT CHARSET=utf8;

-- ----------------------------
--  Records of `calculators`
-- ----------------------------
BEGIN;
INSERT INTO `calculators` VALUES ('13537749', 'Calculator::FlatRate', '13537749', 'ShippingMethod', '2013-01-28 22:34:46', '2013-01-28 22:34:46'), ('192811543', 'Calculator::FlatRate', '192811543', 'ShippingMethod', '2013-01-28 22:34:46', '2013-01-28 22:34:46'), ('491052212', 'Calculator::FlatRate', '713097208', 'Promotion', '2013-01-28 22:34:46', '2013-01-28 22:34:46'), ('574015644', 'Calculator::FlatRate', '574015644', 'ShippingMethod', '2013-01-28 22:34:46', '2013-01-28 22:34:46');
COMMIT;

-- ----------------------------
--  Table structure for `configurations`
-- ----------------------------
DROP TABLE IF EXISTS `configurations`;
CREATE TABLE `configurations` (
  `id` int(11) NOT NULL AUTO_INCREMENT,
  `name` varchar(255) DEFAULT NULL,
  `created_at` datetime DEFAULT NULL,
  `updated_at` datetime DEFAULT NULL,
  `type` varchar(50) DEFAULT NULL,
  PRIMARY KEY (`id`),
  KEY `index_configurations_on_name_and_type` (`name`,`type`)
) ENGINE=InnoDB AUTO_INCREMENT=2 DEFAULT CHARSET=utf8;

-- ----------------------------
--  Records of `configurations`
-- ----------------------------
BEGIN;
INSERT INTO `configurations` VALUES ('1', 'Default configuration', '2013-01-28 22:34:56', '2013-01-28 22:34:56', 'AppConfiguration');
COMMIT;

-- ----------------------------
--  Table structure for `countries`
-- ----------------------------
DROP TABLE IF EXISTS `countries`;
CREATE TABLE `countries` (
  `id` int(11) NOT NULL AUTO_INCREMENT,
  `iso_name` varchar(255) DEFAULT NULL,
  `iso` varchar(255) DEFAULT NULL,
  `name` varchar(255) DEFAULT NULL,
  `iso3` varchar(255) DEFAULT NULL,
  `numcode` int(11) DEFAULT NULL,
  PRIMARY KEY (`id`)
) ENGINE=InnoDB AUTO_INCREMENT=227 DEFAULT CHARSET=utf8;

-- ----------------------------
--  Records of `countries`
-- ----------------------------
BEGIN;
INSERT INTO `countries` VALUES ('1', 'AFGHANISTAN', 'AF', 'Afghanistan', 'AFG', '4'), ('2', 'ALBANIA', 'AL', 'Albania', 'ALB', '8'), ('3', 'ALGERIA', 'DZ', 'Algeria', 'DZA', '12'), ('4', 'AMERICAN SAMOA', 'AS', 'American Samoa', 'ASM', '16'), ('5', 'ANDORRA', 'AD', 'Andorra', 'AND', '20'), ('6', 'ANGOLA', 'AO', 'Angola', 'AGO', '24'), ('7', 'ANGUILLA', 'AI', 'Anguilla', 'AIA', '660'), ('8', 'ANTIGUA AND BARBUDA', 'AG', 'Antigua and Barbuda', 'ATG', '28'), ('9', 'ARGENTINA', 'AR', 'Argentina', 'ARG', '32'), ('10', 'ARMENIA', 'AM', 'Armenia', 'ARM', '51'), ('11', 'ARUBA', 'AW', 'Aruba', 'ABW', '533'), ('12', 'AUSTRALIA', 'AU', 'Australia', 'AUS', '36'), ('13', 'AUSTRIA', 'AT', 'Austria', 'AUT', '40'), ('14', 'AZERBAIJAN', 'AZ', 'Azerbaijan', 'AZE', '31'), ('15', 'BAHAMAS', 'BS', 'Bahamas', 'BHS', '44'), ('16', 'BAHRAIN', 'BH', 'Bahrain', 'BHR', '48'), ('17', 'BANGLADESH', 'BD', 'Bangladesh', 'BGD', '50'), ('18', 'BARBADOS', 'BB', 'Barbados', 'BRB', '52'), ('19', 'BELARUS', 'BY', 'Belarus', 'BLR', '112'), ('20', 'BELGIUM', 'BE', 'Belgium', 'BEL', '56'), ('21', 'BELIZE', 'BZ', 'Belize', 'BLZ', '84'), ('22', 'BENIN', 'BJ', 'Benin', 'BEN', '204'), ('23', 'BERMUDA', 'BM', 'Bermuda', 'BMU', '60'), ('24', 'BHUTAN', 'BT', 'Bhutan', 'BTN', '64'), ('25', 'BOLIVIA', 'BO', 'Bolivia', 'BOL', '68'), ('26', 'BOSNIA AND HERZEGOVINA', 'BA', 'Bosnia and Herzegovina', 'BIH', '70'), ('27', 'BOTSWANA', 'BW', 'Botswana', 'BWA', '72'), ('28', 'BRAZIL', 'BR', 'Brazil', 'BRA', '76'), ('29', 'BRUNEI DARUSSALAM', 'BN', 'Brunei Darussalam', 'BRN', '96'), ('30', 'BULGARIA', 'BG', 'Bulgaria', 'BGR', '100'), ('31', 'BURKINA FASO', 'BF', 'Burkina Faso', 'BFA', '854'), ('32', 'BURUNDI', 'BI', 'Burundi', 'BDI', '108'), ('33', 'CAMBODIA', 'KH', 'Cambodia', 'KHM', '116'), ('34', 'CAMEROON', 'CM', 'Cameroon', 'CMR', '120'), ('35', 'CANADA', 'CA', 'Canada', 'CAN', '124'), ('36', 'CAPE VERDE', 'CV', 'Cape Verde', 'CPV', '132'), ('37', 'CAYMAN ISLANDS', 'KY', 'Cayman Islands', 'CYM', '136'), ('38', 'CENTRAL AFRICAN REPUBLIC', 'CF', 'Central African Republic', 'CAF', '140'), ('39', 'CHAD', 'TD', 'Chad', 'TCD', '148'), ('40', 'CHILE', 'CL', 'Chile', 'CHL', '152'), ('41', 'CHINA', 'CN', 'China', 'CHN', '156'), ('42', 'COLOMBIA', 'CO', 'Colombia', 'COL', '170'), ('43', 'COMOROS', 'KM', 'Comoros', 'COM', '174'), ('44', 'CONGO', 'CG', 'Congo', 'COG', '178'), ('45', 'CONGO, THE DEMOCRATIC REPUBLIC OF THE', 'CD', 'Congo, the Democratic Republic of the', 'COD', '180'), ('46', 'COOK ISLANDS', 'CK', 'Cook Islands', 'COK', '184'), ('47', 'COSTA RICA', 'CR', 'Costa Rica', 'CRI', '188'), ('48', 'COTE D\'IVOIRE', 'CI', 'Cote D\'Ivoire', 'CIV', '384'), ('49', 'CROATIA', 'HR', 'Croatia', 'HRV', '191'), ('50', 'CUBA', 'CU', 'Cuba', 'CUB', '192'), ('51', 'CYPRUS', 'CY', 'Cyprus', 'CYP', '196'), ('52', 'CZECH REPUBLIC', 'CZ', 'Czech Republic', 'CZE', '203'), ('53', 'DENMARK', 'DK', 'Denmark', 'DNK', '208'), ('54', 'DJIBOUTI', 'DJ', 'Djibouti', 'DJI', '262'), ('55', 'DOMINICA', 'DM', 'Dominica', 'DMA', '212'), ('56', 'DOMINICAN REPUBLIC', 'DO', 'Dominican Republic', 'DOM', '214'), ('57', 'ECUADOR', 'EC', 'Ecuador', 'ECU', '218'), ('58', 'EGYPT', 'EG', 'Egypt', 'EGY', '818'), ('59', 'EL SALVADOR', 'SV', 'El Salvador', 'SLV', '222'), ('60', 'EQUATORIAL GUINEA', 'GQ', 'Equatorial Guinea', 'GNQ', '226'), ('61', 'ERITREA', 'ER', 'Eritrea', 'ERI', '232'), ('62', 'ESTONIA', 'EE', 'Estonia', 'EST', '233'), ('63', 'ETHIOPIA', 'ET', 'Ethiopia', 'ETH', '231'), ('64', 'FALKLAND ISLANDS (MALVINAS)', 'FK', 'Falkland Islands (Malvinas)', 'FLK', '238'), ('65', 'FAROE ISLANDS', 'FO', 'Faroe Islands', 'FRO', '234'), ('66', 'FIJI', 'FJ', 'Fiji', 'FJI', '242'), ('67', 'FINLAND', 'FI', 'Finland', 'FIN', '246'), ('68', 'FRANCE', 'FR', 'France', 'FRA', '250'), ('69', 'FRENCH GUIANA', 'GF', 'French Guiana', 'GUF', '254'), ('70', 'FRENCH POLYNESIA', 'PF', 'French Polynesia', 'PYF', '258'), ('71', 'GABON', 'GA', 'Gabon', 'GAB', '266'), ('72', 'GAMBIA', 'GM', 'Gambia', 'GMB', '270'), ('73', 'GEORGIA', 'GE', 'Georgia', 'GEO', '268'), ('74', 'GERMANY', 'DE', 'Germany', 'DEU', '276'), ('75', 'GHANA', 'GH', 'Ghana', 'GHA', '288'), ('76', 'GIBRALTAR', 'GI', 'Gibraltar', 'GIB', '292'), ('77', 'GREECE', 'GR', 'Greece', 'GRC', '300'), ('78', 'GREENLAND', 'GL', 'Greenland', 'GRL', '304'), ('79', 'GRENADA', 'GD', 'Grenada', 'GRD', '308'), ('80', 'GUADELOUPE', 'GP', 'Guadeloupe', 'GLP', '312'), ('81', 'GUAM', 'GU', 'Guam', 'GUM', '316'), ('82', 'GUATEMALA', 'GT', 'Guatemala', 'GTM', '320'), ('83', 'GUINEA', 'GN', 'Guinea', 'GIN', '324'), ('84', 'GUINEA-BISSAU', 'GW', 'Guinea-Bissau', 'GNB', '624'), ('85', 'GUYANA', 'GY', 'Guyana', 'GUY', '328'), ('86', 'HAITI', 'HT', 'Haiti', 'HTI', '332'), ('87', 'HOLY SEE (VATICAN CITY STATE)', 'VA', 'Holy See (Vatican City State)', 'VAT', '336'), ('88', 'HONDURAS', 'HN', 'Honduras', 'HND', '340'), ('89', 'HONG KONG', 'HK', 'Hong Kong', 'HKG', '344'), ('90', 'HUNGARY', 'HU', 'Hungary', 'HUN', '348'), ('91', 'ICELAND', 'IS', 'Iceland', 'ISL', '352'), ('92', 'INDIA', 'IN', 'India', 'IND', '356'), ('93', 'INDONESIA', 'ID', 'Indonesia', 'IDN', '360'), ('94', 'IRAN, ISLAMIC REPUBLIC OF', 'IR', 'Iran, Islamic Republic of', 'IRN', '364'), ('95', 'IRAQ', 'IQ', 'Iraq', 'IRQ', '368'), ('96', 'IRELAND', 'IE', 'Ireland', 'IRL', '372'), ('97', 'ISRAEL', 'IL', 'Israel', 'ISR', '376'), ('98', 'ITALY', 'IT', 'Italy', 'ITA', '380'), ('99', 'JAMAICA', 'JM', 'Jamaica', 'JAM', '388'), ('100', 'JAPAN', 'JP', 'Japan', 'JPN', '392'), ('101', 'JORDAN', 'JO', 'Jordan', 'JOR', '400'), ('102', 'KAZAKHSTAN', 'KZ', 'Kazakhstan', 'KAZ', '398'), ('103', 'KENYA', 'KE', 'Kenya', 'KEN', '404'), ('104', 'KIRIBATI', 'KI', 'Kiribati', 'KIR', '296'), ('105', 'KOREA, DEMOCRATIC PEOPLE\'S REPUBLIC OF', 'KP', 'North Korea', 'PRK', '408'), ('106', 'KOREA, REPUBLIC OF', 'KR', 'South Korea', 'KOR', '410'), ('107', 'KUWAIT', 'KW', 'Kuwait', 'KWT', '414'), ('108', 'KYRGYZSTAN', 'KG', 'Kyrgyzstan', 'KGZ', '417'), ('109', 'LAO PEOPLE\'S DEMOCRATIC REPUBLIC', 'LA', 'Lao People\'s Democratic Republic', 'LAO', '418'), ('110', 'LATVIA', 'LV', 'Latvia', 'LVA', '428'), ('111', 'LEBANON', 'LB', 'Lebanon', 'LBN', '422'), ('112', 'LESOTHO', 'LS', 'Lesotho', 'LSO', '426'), ('113', 'LIBERIA', 'LR', 'Liberia', 'LBR', '430'), ('114', 'LIBYAN ARAB JAMAHIRIYA', 'LY', 'Libyan Arab Jamahiriya', 'LBY', '434'), ('115', 'LIECHTENSTEIN', 'LI', 'Liechtenstein', 'LIE', '438'), ('116', 'LITHUANIA', 'LT', 'Lithuania', 'LTU', '440'), ('117', 'LUXEMBOURG', 'LU', 'Luxembourg', 'LUX', '442'), ('118', 'MACAO', 'MO', 'Macao', 'MAC', '446'), ('119', 'MACEDONIA, THE FORMER YUGOSLAV REPUBLIC OF', 'MK', 'Macedonia', 'MKD', '807'), ('120', 'MADAGASCAR', 'MG', 'Madagascar', 'MDG', '450'), ('121', 'MALAWI', 'MW', 'Malawi', 'MWI', '454'), ('122', 'MALAYSIA', 'MY', 'Malaysia', 'MYS', '458'), ('123', 'MALDIVES', 'MV', 'Maldives', 'MDV', '462'), ('124', 'MALI', 'ML', 'Mali', 'MLI', '466'), ('125', 'MALTA', 'MT', 'Malta', 'MLT', '470'), ('126', 'MARSHALL ISLANDS', 'MH', 'Marshall Islands', 'MHL', '584'), ('127', 'MARTINIQUE', 'MQ', 'Martinique', 'MTQ', '474'), ('128', 'MAURITANIA', 'MR', 'Mauritania', 'MRT', '478'), ('129', 'MAURITIUS', 'MU', 'Mauritius', 'MUS', '480'), ('130', 'MEXICO', 'MX', 'Mexico', 'MEX', '484'), ('131', 'MICRONESIA, FEDERATED STATES OF', 'FM', 'Micronesia, Federated States of', 'FSM', '583'), ('132', 'MOLDOVA, REPUBLIC OF', 'MD', 'Moldova, Republic of', 'MDA', '498'), ('133', 'MONACO', 'MC', 'Monaco', 'MCO', '492'), ('134', 'MONGOLIA', 'MN', 'Mongolia', 'MNG', '496'), ('135', 'MONTSERRAT', 'MS', 'Montserrat', 'MSR', '500'), ('136', 'MOROCCO', 'MA', 'Morocco', 'MAR', '504'), ('137', 'MOZAMBIQUE', 'MZ', 'Mozambique', 'MOZ', '508'), ('138', 'MYANMAR', 'MM', 'Myanmar', 'MMR', '104'), ('139', 'NAMIBIA', 'NA', 'Namibia', 'NAM', '516'), ('140', 'NAURU', 'NR', 'Nauru', 'NRU', '520'), ('141', 'NEPAL', 'NP', 'Nepal', 'NPL', '524'), ('142', 'NETHERLANDS', 'NL', 'Netherlands', 'NLD', '528'), ('143', 'NETHERLANDS ANTILLES', 'AN', 'Netherlands Antilles', 'ANT', '530'), ('144', 'NEW CALEDONIA', 'NC', 'New Caledonia', 'NCL', '540'), ('145', 'NEW ZEALAND', 'NZ', 'New Zealand', 'NZL', '554'), ('146', 'NICARAGUA', 'NI', 'Nicaragua', 'NIC', '558'), ('147', 'NIGER', 'NE', 'Niger', 'NER', '562'), ('148', 'NIGERIA', 'NG', 'Nigeria', 'NGA', '566'), ('149', 'NIUE', 'NU', 'Niue', 'NIU', '570'), ('150', 'NORFOLK ISLAND', 'NF', 'Norfolk Island', 'NFK', '574'), ('151', 'NORTHERN MARIANA ISLANDS', 'MP', 'Northern Mariana Islands', 'MNP', '580'), ('152', 'NORWAY', 'NO', 'Norway', 'NOR', '578'), ('153', 'OMAN', 'OM', 'Oman', 'OMN', '512'), ('154', 'PAKISTAN', 'PK', 'Pakistan', 'PAK', '586'), ('155', 'PALAU', 'PW', 'Palau', 'PLW', '585'), ('156', 'PANAMA', 'PA', 'Panama', 'PAN', '591'), ('157', 'PAPUA NEW GUINEA', 'PG', 'Papua New Guinea', 'PNG', '598'), ('158', 'PARAGUAY', 'PY', 'Paraguay', 'PRY', '600'), ('159', 'PERU', 'PE', 'Peru', 'PER', '604'), ('160', 'PHILIPPINES', 'PH', 'Philippines', 'PHL', '608'), ('161', 'PITCAIRN', 'PN', 'Pitcairn', 'PCN', '612'), ('162', 'POLAND', 'PL', 'Poland', 'POL', '616'), ('163', 'PORTUGAL', 'PT', 'Portugal', 'PRT', '620'), ('164', 'PUERTO RICO', 'PR', 'Puerto Rico', 'PRI', '630'), ('165', 'QATAR', 'QA', 'Qatar', 'QAT', '634'), ('166', 'REUNION', 'RE', 'Reunion', 'REU', '638'), ('167', 'ROMANIA', 'RO', 'Romania', 'ROM', '642'), ('168', 'RUSSIAN FEDERATION', 'RU', 'Russian Federation', 'RUS', '643'), ('169', 'RWANDA', 'RW', 'Rwanda', 'RWA', '646'), ('170', 'SAINT HELENA', 'SH', 'Saint Helena', 'SHN', '654'), ('171', 'SAINT KITTS AND NEVIS', 'KN', 'Saint Kitts and Nevis', 'KNA', '659'), ('172', 'SAINT LUCIA', 'LC', 'Saint Lucia', 'LCA', '662'), ('173', 'SAINT PIERRE AND MIQUELON', 'PM', 'Saint Pierre and Miquelon', 'SPM', '666'), ('174', 'SAINT VINCENT AND THE GRENADINES', 'VC', 'Saint Vincent and the Grenadines', 'VCT', '670'), ('175', 'SAMOA', 'WS', 'Samoa', 'WSM', '882'), ('176', 'SAN MARINO', 'SM', 'San Marino', 'SMR', '674'), ('177', 'SAO TOME AND PRINCIPE', 'ST', 'Sao Tome and Principe', 'STP', '678'), ('178', 'SAUDI ARABIA', 'SA', 'Saudi Arabia', 'SAU', '682'), ('179', 'SENEGAL', 'SN', 'Senegal', 'SEN', '686'), ('180', 'SEYCHELLES', 'SC', 'Seychelles', 'SYC', '690'), ('181', 'SIERRA LEONE', 'SL', 'Sierra Leone', 'SLE', '694'), ('182', 'SINGAPORE', 'SG', 'Singapore', 'SGP', '702'), ('183', 'SLOVAKIA', 'SK', 'Slovakia', 'SVK', '703'), ('184', 'SLOVENIA', 'SI', 'Slovenia', 'SVN', '705'), ('185', 'SOLOMON ISLANDS', 'SB', 'Solomon Islands', 'SLB', '90'), ('186', 'SOMALIA', 'SO', 'Somalia', 'SOM', '706'), ('187', 'SOUTH AFRICA', 'ZA', 'South Africa', 'ZAF', '710'), ('188', 'SPAIN', 'ES', 'Spain', 'ESP', '724'), ('189', 'SRI LANKA', 'LK', 'Sri Lanka', 'LKA', '144'), ('190', 'SUDAN', 'SD', 'Sudan', 'SDN', '736'), ('191', 'SURINAME', 'SR', 'Suriname', 'SUR', '740'), ('192', 'SVALBARD AND JAN MAYEN', 'SJ', 'Svalbard and Jan Mayen', 'SJM', '744'), ('193', 'SWAZILAND', 'SZ', 'Swaziland', 'SWZ', '748'), ('194', 'SWEDEN', 'SE', 'Sweden', 'SWE', '752'), ('195', 'SWITZERLAND', 'CH', 'Switzerland', 'CHE', '756'), ('196', 'SYRIAN ARAB REPUBLIC', 'SY', 'Syrian Arab Republic', 'SYR', '760'), ('197', 'TAIWAN, PROVINCE OF CHINA', 'TW', 'Taiwan', 'TWN', '158'), ('198', 'TAJIKISTAN', 'TJ', 'Tajikistan', 'TJK', '762'), ('199', 'TANZANIA, UNITED REPUBLIC OF', 'TZ', 'Tanzania, United Republic of', 'TZA', '834'), ('200', 'THAILAND', 'TH', 'Thailand', 'THA', '764'), ('201', 'TOGO', 'TG', 'Togo', 'TGO', '768'), ('202', 'TOKELAU', 'TK', 'Tokelau', 'TKL', '772'), ('203', 'TONGA', 'TO', 'Tonga', 'TON', '776'), ('204', 'TRINIDAD AND TOBAGO', 'TT', 'Trinidad and Tobago', 'TTO', '780'), ('205', 'TUNISIA', 'TN', 'Tunisia', 'TUN', '788'), ('206', 'TURKEY', 'TR', 'Turkey', 'TUR', '792'), ('207', 'TURKMENISTAN', 'TM', 'Turkmenistan', 'TKM', '795'), ('208', 'TURKS AND CAICOS ISLANDS', 'TC', 'Turks and Caicos Islands', 'TCA', '796'), ('209', 'TUVALU', 'TV', 'Tuvalu', 'TUV', '798'), ('210', 'UGANDA', 'UG', 'Uganda', 'UGA', '800'), ('211', 'UKRAINE', 'UA', 'Ukraine', 'UKR', '804'), ('212', 'UNITED ARAB EMIRATES', 'AE', 'United Arab Emirates', 'ARE', '784'), ('213', 'UNITED KINGDOM', 'GB', 'United Kingdom', 'GBR', '826'), ('214', 'UNITED STATES', 'US', 'United States', 'USA', '840'), ('215', 'URUGUAY', 'UY', 'Uruguay', 'URY', '858'), ('216', 'UZBEKISTAN', 'UZ', 'Uzbekistan', 'UZB', '860'), ('217', 'VANUATU', 'VU', 'Vanuatu', 'VUT', '548'), ('218', 'VENEZUELA', 'VE', 'Venezuela', 'VEN', '862'), ('219', 'VIET NAM', 'VN', 'Viet Nam', 'VNM', '704'), ('220', 'VIRGIN ISLANDS, BRITISH', 'VG', 'Virgin Islands, British', 'VGB', '92'), ('221', 'VIRGIN ISLANDS, U.S.', 'VI', 'Virgin Islands, U.S.', 'VIR', '850'), ('222', 'WALLIS AND FUTUNA', 'WF', 'Wallis and Futuna', 'WLF', '876'), ('223', 'WESTERN SAHARA', 'EH', 'Western Sahara', 'ESH', '732'), ('224', 'YEMEN', 'YE', 'Yemen', 'YEM', '887'), ('225', 'ZAMBIA', 'ZM', 'Zambia', 'ZMB', '894'), ('226', 'ZIMBABWE', 'ZW', 'Zimbabwe', 'ZWE', '716');
COMMIT;

-- ----------------------------
--  Table structure for `creditcards`
-- ----------------------------
DROP TABLE IF EXISTS `creditcards`;
CREATE TABLE `creditcards` (
  `id` int(11) NOT NULL AUTO_INCREMENT,
  `month` varchar(255) DEFAULT NULL,
  `year` varchar(255) DEFAULT NULL,
  `cc_type` varchar(255) DEFAULT NULL,
  `last_digits` varchar(255) DEFAULT NULL,
  `first_name` varchar(255) DEFAULT NULL,
  `last_name` varchar(255) DEFAULT NULL,
  `created_at` datetime DEFAULT NULL,
  `updated_at` datetime DEFAULT NULL,
  `start_month` varchar(255) DEFAULT NULL,
  `start_year` varchar(255) DEFAULT NULL,
  `issue_number` varchar(255) DEFAULT NULL,
  `address_id` int(11) DEFAULT NULL,
  `gateway_customer_profile_id` varchar(255) DEFAULT NULL,
  `gateway_payment_profile_id` varchar(255) DEFAULT NULL,
  PRIMARY KEY (`id`)
) ENGINE=InnoDB AUTO_INCREMENT=102 DEFAULT CHARSET=utf8;

-- ----------------------------
--  Records of `creditcards`
-- ----------------------------
BEGIN;
INSERT INTO `creditcards` VALUES ('1', '12', '2014', 'visa', '1111', 'Sean', 'Schofield', '2013-01-28 22:34:56', '2013-01-28 22:34:56', null, null, null, null, 'BGS-1234', null), ('2', '12', '2014', 'visa', '1111', 'Sean', 'Schofield', '2013-01-28 22:34:56', '2013-01-28 22:34:56', null, null, null, null, 'BGS-1234', null), ('3', '12', '2014', 'visa', '1111', 'Sean', 'Schofield', '2013-01-28 22:34:56', '2013-01-28 22:34:56', null, null, null, null, 'BGS-1234', null), ('4', '12', '2014', 'visa', '1111', 'Sean', 'Schofield', '2013-01-28 22:34:56', '2013-01-28 22:34:56', null, null, null, null, 'BGS-1234', null), ('5', '12', '2014', 'visa', '1111', 'Sean', 'Schofield', '2013-01-28 22:34:56', '2013-01-28 22:34:56', null, null, null, null, 'BGS-1234', null), ('6', '12', '2014', 'visa', '1111', 'Sean', 'Schofield', '2013-01-28 22:34:56', '2013-01-28 22:34:56', null, null, null, null, 'BGS-1234', null), ('7', '12', '2014', 'visa', '1111', 'Sean', 'Schofield', '2013-01-28 22:34:56', '2013-01-28 22:34:56', null, null, null, null, 'BGS-1234', null), ('8', '12', '2014', 'visa', '1111', 'Sean', 'Schofield', '2013-01-28 22:34:56', '2013-01-28 22:34:56', null, null, null, null, 'BGS-1234', null), ('9', '12', '2014', 'visa', '1111', 'Sean', 'Schofield', '2013-01-28 22:34:56', '2013-01-28 22:34:56', null, null, null, null, 'BGS-1234', null), ('10', '12', '2014', 'visa', '1111', 'Sean', 'Schofield', '2013-01-28 22:34:56', '2013-01-28 22:34:56', null, null, null, null, 'BGS-1234', null), ('11', '12', '2014', 'visa', '1111', 'Sean', 'Schofield', '2013-01-28 22:34:56', '2013-01-28 22:34:56', null, null, null, null, 'BGS-1234', null), ('12', '12', '2014', 'visa', '1111', 'Sean', 'Schofield', '2013-01-28 22:34:56', '2013-01-28 22:34:56', null, null, null, null, 'BGS-1234', null), ('13', '12', '2014', 'visa', '1111', 'Sean', 'Schofield', '2013-01-28 22:34:56', '2013-01-28 22:34:56', null, null, null, null, 'BGS-1234', null), ('14', '12', '2014', 'visa', '1111', 'Sean', 'Schofield', '2013-01-28 22:34:56', '2013-01-28 22:34:56', null, null, null, null, 'BGS-1234', null), ('15', '12', '2014', 'visa', '1111', 'Sean', 'Schofield', '2013-01-28 22:34:56', '2013-01-28 22:34:56', null, null, null, null, 'BGS-1234', null), ('16', '12', '2014', 'visa', '1111', 'Sean', 'Schofield', '2013-01-28 22:34:56', '2013-01-28 22:34:56', null, null, null, null, 'BGS-1234', null), ('17', '12', '2014', 'visa', '1111', 'Sean', 'Schofield', '2013-01-28 22:34:56', '2013-01-28 22:34:56', null, null, null, null, 'BGS-1234', null), ('18', '12', '2014', 'visa', '1111', 'Sean', 'Schofield', '2013-01-28 22:34:56', '2013-01-28 22:34:56', null, null, null, null, 'BGS-1234', null), ('19', '12', '2014', 'visa', '1111', 'Sean', 'Schofield', '2013-01-28 22:34:56', '2013-01-28 22:34:56', null, null, null, null, 'BGS-1234', null), ('20', '12', '2014', 'visa', '1111', 'Sean', 'Schofield', '2013-01-28 22:34:56', '2013-01-28 22:34:56', null, null, null, null, 'BGS-1234', null), ('21', '12', '2014', 'visa', '1111', 'Sean', 'Schofield', '2013-01-28 22:34:56', '2013-01-28 22:34:56', null, null, null, null, 'BGS-1234', null), ('22', '12', '2014', 'visa', '1111', 'Sean', 'Schofield', '2013-01-28 22:34:56', '2013-01-28 22:34:56', null, null, null, null, 'BGS-1234', null), ('23', '12', '2014', 'visa', '1111', 'Sean', 'Schofield', '2013-01-28 22:34:56', '2013-01-28 22:34:56', null, null, null, null, 'BGS-1234', null), ('24', '12', '2014', 'visa', '1111', 'Sean', 'Schofield', '2013-01-28 22:34:56', '2013-01-28 22:34:56', null, null, null, null, 'BGS-1234', null), ('25', '12', '2014', 'visa', '1111', 'Sean', 'Schofield', '2013-01-28 22:34:56', '2013-01-28 22:34:56', null, null, null, null, 'BGS-1234', null), ('26', '12', '2014', 'visa', '1111', 'Sean', 'Schofield', '2013-01-28 22:34:56', '2013-01-28 22:34:56', null, null, null, null, 'BGS-1234', null), ('27', '12', '2014', 'visa', '1111', 'Sean', 'Schofield', '2013-01-28 22:34:56', '2013-01-28 22:34:56', null, null, null, null, 'BGS-1234', null), ('28', '12', '2014', 'visa', '1111', 'Sean', 'Schofield', '2013-01-28 22:34:56', '2013-01-28 22:34:56', null, null, null, null, 'BGS-1234', null), ('29', '12', '2014', 'visa', '1111', 'Sean', 'Schofield', '2013-01-28 22:34:56', '2013-01-28 22:34:56', null, null, null, null, 'BGS-1234', null), ('30', '12', '2014', 'visa', '1111', 'Sean', 'Schofield', '2013-01-28 22:34:56', '2013-01-28 22:34:56', null, null, null, null, 'BGS-1234', null), ('31', '12', '2014', 'visa', '1111', 'Sean', 'Schofield', '2013-01-28 22:34:56', '2013-01-28 22:34:56', null, null, null, null, 'BGS-1234', null), ('32', '12', '2014', 'visa', '1111', 'Sean', 'Schofield', '2013-01-28 22:34:56', '2013-01-28 22:34:56', null, null, null, null, 'BGS-1234', null), ('33', '12', '2014', 'visa', '1111', 'Sean', 'Schofield', '2013-01-28 22:34:56', '2013-01-28 22:34:56', null, null, null, null, 'BGS-1234', null), ('34', '12', '2014', 'visa', '1111', 'Sean', 'Schofield', '2013-01-28 22:34:56', '2013-01-28 22:34:56', null, null, null, null, 'BGS-1234', null), ('35', '12', '2014', 'visa', '1111', 'Sean', 'Schofield', '2013-01-28 22:34:56', '2013-01-28 22:34:56', null, null, null, null, 'BGS-1234', null), ('36', '12', '2014', 'visa', '1111', 'Sean', 'Schofield', '2013-01-28 22:34:56', '2013-01-28 22:34:56', null, null, null, null, 'BGS-1234', null), ('37', '12', '2014', 'visa', '1111', 'Sean', 'Schofield', '2013-01-28 22:34:56', '2013-01-28 22:34:56', null, null, null, null, 'BGS-1234', null), ('38', '12', '2014', 'visa', '1111', 'Sean', 'Schofield', '2013-01-28 22:34:56', '2013-01-28 22:34:56', null, null, null, null, 'BGS-1234', null), ('39', '12', '2014', 'visa', '1111', 'Sean', 'Schofield', '2013-01-28 22:34:56', '2013-01-28 22:34:56', null, null, null, null, 'BGS-1234', null), ('40', '12', '2014', 'visa', '1111', 'Sean', 'Schofield', '2013-01-28 22:34:56', '2013-01-28 22:34:56', null, null, null, null, 'BGS-1234', null), ('41', '12', '2014', 'visa', '1111', 'Sean', 'Schofield', '2013-01-28 22:34:56', '2013-01-28 22:34:56', null, null, null, null, 'BGS-1234', null), ('42', '12', '2014', 'visa', '1111', 'Sean', 'Schofield', '2013-01-28 22:34:56', '2013-01-28 22:34:56', null, null, null, null, 'BGS-1234', null), ('43', '12', '2014', 'visa', '1111', 'Sean', 'Schofield', '2013-01-28 22:34:56', '2013-01-28 22:34:56', null, null, null, null, 'BGS-1234', null), ('44', '12', '2014', 'visa', '1111', 'Sean', 'Schofield', '2013-01-28 22:34:56', '2013-01-28 22:34:56', null, null, null, null, 'BGS-1234', null), ('45', '12', '2014', 'visa', '1111', 'Sean', 'Schofield', '2013-01-28 22:34:56', '2013-01-28 22:34:56', null, null, null, null, 'BGS-1234', null), ('46', '12', '2014', 'visa', '1111', 'Sean', 'Schofield', '2013-01-28 22:34:56', '2013-01-28 22:34:56', null, null, null, null, 'BGS-1234', null), ('47', '12', '2014', 'visa', '1111', 'Sean', 'Schofield', '2013-01-28 22:34:56', '2013-01-28 22:34:56', null, null, null, null, 'BGS-1234', null), ('48', '12', '2014', 'visa', '1111', 'Sean', 'Schofield', '2013-01-28 22:34:56', '2013-01-28 22:34:56', null, null, null, null, 'BGS-1234', null), ('49', '12', '2014', 'visa', '1111', 'Sean', 'Schofield', '2013-01-28 22:34:56', '2013-01-28 22:34:56', null, null, null, null, 'BGS-1234', null), ('50', '12', '2014', 'visa', '1111', 'Sean', 'Schofield', '2013-01-28 22:34:56', '2013-01-28 22:34:56', null, null, null, null, 'BGS-1234', null), ('51', '12', '2014', 'visa', '1111', 'Sean', 'Schofield', '2013-01-28 22:34:56', '2013-01-28 22:34:56', null, null, null, null, 'BGS-1234', null), ('52', '12', '2014', 'visa', '1111', 'Sean', 'Schofield', '2013-01-28 22:34:56', '2013-01-28 22:34:56', null, null, null, null, 'BGS-1234', null), ('53', '12', '2014', 'visa', '1111', 'Sean', 'Schofield', '2013-01-28 22:34:56', '2013-01-28 22:34:56', null, null, null, null, 'BGS-1234', null), ('54', '12', '2014', 'visa', '1111', 'Sean', 'Schofield', '2013-01-28 22:34:56', '2013-01-28 22:34:56', null, null, null, null, 'BGS-1234', null), ('55', '12', '2014', 'visa', '1111', 'Sean', 'Schofield', '2013-01-28 22:34:56', '2013-01-28 22:34:56', null, null, null, null, 'BGS-1234', null), ('56', '12', '2014', 'visa', '1111', 'Sean', 'Schofield', '2013-01-28 22:34:56', '2013-01-28 22:34:56', null, null, null, null, 'BGS-1234', null), ('57', '12', '2014', 'visa', '1111', 'Sean', 'Schofield', '2013-01-28 22:34:56', '2013-01-28 22:34:56', null, null, null, null, 'BGS-1234', null), ('58', '12', '2014', 'visa', '1111', 'Sean', 'Schofield', '2013-01-28 22:34:56', '2013-01-28 22:34:56', null, null, null, null, 'BGS-1234', null), ('59', '12', '2014', 'visa', '1111', 'Sean', 'Schofield', '2013-01-28 22:34:56', '2013-01-28 22:34:56', null, null, null, null, 'BGS-1234', null), ('60', '12', '2014', 'visa', '1111', 'Sean', 'Schofield', '2013-01-28 22:34:56', '2013-01-28 22:34:56', null, null, null, null, 'BGS-1234', null), ('61', '12', '2014', 'visa', '1111', 'Sean', 'Schofield', '2013-01-28 22:34:56', '2013-01-28 22:34:56', null, null, null, null, 'BGS-1234', null), ('62', '12', '2014', 'visa', '1111', 'Sean', 'Schofield', '2013-01-28 22:34:56', '2013-01-28 22:34:56', null, null, null, null, 'BGS-1234', null), ('63', '12', '2014', 'visa', '1111', 'Sean', 'Schofield', '2013-01-28 22:34:56', '2013-01-28 22:34:56', null, null, null, null, 'BGS-1234', null), ('64', '12', '2014', 'visa', '1111', 'Sean', 'Schofield', '2013-01-28 22:34:56', '2013-01-28 22:34:56', null, null, null, null, 'BGS-1234', null), ('65', '12', '2014', 'visa', '1111', 'Sean', 'Schofield', '2013-01-28 22:34:56', '2013-01-28 22:34:56', null, null, null, null, 'BGS-1234', null), ('66', '12', '2014', 'visa', '1111', 'Sean', 'Schofield', '2013-01-28 22:34:56', '2013-01-28 22:34:56', null, null, null, null, 'BGS-1234', null), ('67', '12', '2014', 'visa', '1111', 'Sean', 'Schofield', '2013-01-28 22:34:56', '2013-01-28 22:34:56', null, null, null, null, 'BGS-1234', null), ('68', '12', '2014', 'visa', '1111', 'Sean', 'Schofield', '2013-01-28 22:34:56', '2013-01-28 22:34:56', null, null, null, null, 'BGS-1234', null), ('69', '12', '2014', 'visa', '1111', 'Sean', 'Schofield', '2013-01-28 22:34:56', '2013-01-28 22:34:56', null, null, null, null, 'BGS-1234', null), ('70', '12', '2014', 'visa', '1111', 'Sean', 'Schofield', '2013-01-28 22:34:56', '2013-01-28 22:34:56', null, null, null, null, 'BGS-1234', null), ('71', '12', '2014', 'visa', '1111', 'Sean', 'Schofield', '2013-01-28 22:34:56', '2013-01-28 22:34:56', null, null, null, null, 'BGS-1234', null), ('72', '12', '2014', 'visa', '1111', 'Sean', 'Schofield', '2013-01-28 22:34:56', '2013-01-28 22:34:56', null, null, null, null, 'BGS-1234', null), ('73', '12', '2014', 'visa', '1111', 'Sean', 'Schofield', '2013-01-28 22:34:56', '2013-01-28 22:34:56', null, null, null, null, 'BGS-1234', null), ('74', '12', '2014', 'visa', '1111', 'Sean', 'Schofield', '2013-01-28 22:34:56', '2013-01-28 22:34:56', null, null, null, null, 'BGS-1234', null), ('75', '12', '2014', 'visa', '1111', 'Sean', 'Schofield', '2013-01-28 22:34:56', '2013-01-28 22:34:56', null, null, null, null, 'BGS-1234', null), ('76', '12', '2014', 'visa', '1111', 'Sean', 'Schofield', '2013-01-28 22:34:56', '2013-01-28 22:34:56', null, null, null, null, 'BGS-1234', null), ('77', '12', '2014', 'visa', '1111', 'Sean', 'Schofield', '2013-01-28 22:34:56', '2013-01-28 22:34:56', null, null, null, null, 'BGS-1234', null), ('78', '12', '2014', 'visa', '1111', 'Sean', 'Schofield', '2013-01-28 22:34:56', '2013-01-28 22:34:56', null, null, null, null, 'BGS-1234', null), ('79', '12', '2014', 'visa', '1111', 'Sean', 'Schofield', '2013-01-28 22:34:56', '2013-01-28 22:34:56', null, null, null, null, 'BGS-1234', null), ('80', '12', '2014', 'visa', '1111', 'Sean', 'Schofield', '2013-01-28 22:34:56', '2013-01-28 22:34:56', null, null, null, null, 'BGS-1234', null), ('81', '12', '2014', 'visa', '1111', 'Sean', 'Schofield', '2013-01-28 22:34:56', '2013-01-28 22:34:56', null, null, null, null, 'BGS-1234', null), ('82', '12', '2014', 'visa', '1111', 'Sean', 'Schofield', '2013-01-28 22:34:56', '2013-01-28 22:34:56', null, null, null, null, 'BGS-1234', null), ('83', '12', '2014', 'visa', '1111', 'Sean', 'Schofield', '2013-01-28 22:34:56', '2013-01-28 22:34:56', null, null, null, null, 'BGS-1234', null), ('84', '12', '2014', 'visa', '1111', 'Sean', 'Schofield', '2013-01-28 22:34:56', '2013-01-28 22:34:56', null, null, null, null, 'BGS-1234', null), ('85', '12', '2014', 'visa', '1111', 'Sean', 'Schofield', '2013-01-28 22:34:56', '2013-01-28 22:34:56', null, null, null, null, 'BGS-1234', null), ('86', '12', '2014', 'visa', '1111', 'Sean', 'Schofield', '2013-01-28 22:34:56', '2013-01-28 22:34:56', null, null, null, null, 'BGS-1234', null), ('87', '12', '2014', 'visa', '1111', 'Sean', 'Schofield', '2013-01-28 22:34:56', '2013-01-28 22:34:56', null, null, null, null, 'BGS-1234', null), ('88', '12', '2014', 'visa', '1111', 'Sean', 'Schofield', '2013-01-28 22:34:56', '2013-01-28 22:34:56', null, null, null, null, 'BGS-1234', null), ('89', '12', '2014', 'visa', '1111', 'Sean', 'Schofield', '2013-01-28 22:34:56', '2013-01-28 22:34:56', null, null, null, null, 'BGS-1234', null), ('90', '12', '2014', 'visa', '1111', 'Sean', 'Schofield', '2013-01-28 22:34:56', '2013-01-28 22:34:56', null, null, null, null, 'BGS-1234', null), ('91', '12', '2014', 'visa', '1111', 'Sean', 'Schofield', '2013-01-28 22:34:56', '2013-01-28 22:34:56', null, null, null, null, 'BGS-1234', null), ('92', '12', '2014', 'visa', '1111', 'Sean', 'Schofield', '2013-01-28 22:34:56', '2013-01-28 22:34:56', null, null, null, null, 'BGS-1234', null), ('93', '12', '2014', 'visa', '1111', 'Sean', 'Schofield', '2013-01-28 22:34:56', '2013-01-28 22:34:56', null, null, null, null, 'BGS-1234', null), ('94', '12', '2014', 'visa', '1111', 'Sean', 'Schofield', '2013-01-28 22:34:56', '2013-01-28 22:34:56', null, null, null, null, 'BGS-1234', null), ('95', '12', '2014', 'visa', '1111', 'Sean', 'Schofield', '2013-01-28 22:34:56', '2013-01-28 22:34:56', null, null, null, null, 'BGS-1234', null), ('96', '12', '2014', 'visa', '1111', 'Sean', 'Schofield', '2013-01-28 22:34:56', '2013-01-28 22:34:56', null, null, null, null, 'BGS-1234', null), ('97', '12', '2014', 'visa', '1111', 'Sean', 'Schofield', '2013-01-28 22:34:56', '2013-01-28 22:34:56', null, null, null, null, 'BGS-1234', null), ('98', '12', '2014', 'visa', '1111', 'Sean', 'Schofield', '2013-01-28 22:34:56', '2013-01-28 22:34:56', null, null, null, null, 'BGS-1234', null), ('99', '12', '2014', 'visa', '1111', 'Sean', 'Schofield', '2013-01-28 22:34:56', '2013-01-28 22:34:56', null, null, null, null, 'BGS-1234', null), ('100', '12', '2014', 'visa', '1111', 'Sean', 'Schofield', '2013-01-28 22:34:56', '2013-01-28 22:34:56', null, null, null, null, 'BGS-1234', null), ('101', '12', '2014', 'visa', '1111', 'Sean', 'Schofield', '2013-01-28 22:34:56', '2013-01-28 22:34:56', null, null, null, null, 'BGS-1234', null);
COMMIT;

-- ----------------------------
--  Table structure for `gateways`
-- ----------------------------
DROP TABLE IF EXISTS `gateways`;
CREATE TABLE `gateways` (
  `id` int(11) NOT NULL AUTO_INCREMENT,
  `type` varchar(255) DEFAULT NULL,
  `name` varchar(255) DEFAULT NULL,
  `description` text,
  `active` tinyint(1) DEFAULT '1',
  `environment` varchar(255) DEFAULT 'development',
  `server` varchar(255) DEFAULT 'test',
  `test_mode` tinyint(1) DEFAULT '1',
  `created_at` datetime DEFAULT NULL,
  `updated_at` datetime DEFAULT NULL,
  PRIMARY KEY (`id`)
) ENGINE=InnoDB DEFAULT CHARSET=utf8;

-- ----------------------------
--  Table structure for `inventory_units`
-- ----------------------------
DROP TABLE IF EXISTS `inventory_units`;
CREATE TABLE `inventory_units` (
  `id` int(11) NOT NULL AUTO_INCREMENT,
  `variant_id` int(11) DEFAULT NULL,
  `order_id` int(11) DEFAULT NULL,
  `state` varchar(255) DEFAULT NULL,
  `lock_version` int(11) DEFAULT '0',
  `created_at` datetime DEFAULT NULL,
  `updated_at` datetime DEFAULT NULL,
  `shipment_id` int(11) DEFAULT NULL,
  `return_authorization_id` int(11) DEFAULT NULL,
  PRIMARY KEY (`id`),
  KEY `index_inventory_units_on_variant_id` (`variant_id`),
  KEY `index_inventory_units_on_order_id` (`order_id`),
  KEY `index_inventory_units_on_shipment_id` (`shipment_id`)
) ENGINE=InnoDB AUTO_INCREMENT=484 DEFAULT CHARSET=utf8;

-- ----------------------------
--  Records of `inventory_units`
-- ----------------------------
BEGIN;
INSERT INTO `inventory_units` VALUES ('1', '215054540', '146573512', 'sold', '0', '2013-01-28 22:34:48', '2013-01-28 22:34:48', '1053020929', null), ('2', '215054540', '146573512', 'sold', '0', '2013-01-28 22:34:48', '2013-01-28 22:34:48', '1053020929', null), ('3', '215054540', '145680447', 'sold', '0', '2013-01-28 22:34:48', '2013-01-28 22:34:48', '1053930492', null), ('4', '215054540', '145680447', 'sold', '0', '2013-01-28 22:34:48', '2013-01-28 22:34:48', '1053930492', null), ('5', '215054540', '145680447', 'sold', '0', '2013-01-28 22:34:48', '2013-01-28 22:34:48', '1053930492', null), ('6', '215054540', '145680447', 'sold', '0', '2013-01-28 22:34:48', '2013-01-28 22:34:48', '1053930492', null), ('7', '52862384', '780983247', 'sold', '0', '2013-01-28 22:34:48', '2013-01-28 22:34:48', '418611208', null), ('8', '52862384', '780983247', 'sold', '0', '2013-01-28 22:34:48', '2013-01-28 22:34:48', '418611208', null), ('9', '52862384', '780983247', 'sold', '0', '2013-01-28 22:34:48', '2013-01-28 22:34:48', '418611208', null), ('10', '52862384', '780983247', 'sold', '0', '2013-01-28 22:34:48', '2013-01-28 22:34:48', '418611208', null), ('11', '52862384', '780983247', 'sold', '0', '2013-01-28 22:34:49', '2013-01-28 22:34:49', '418611208', null), ('12', '52862384', '780983247', 'sold', '0', '2013-01-28 22:34:49', '2013-01-28 22:34:49', '418611208', null), ('13', '52862384', '780983247', 'sold', '0', '2013-01-28 22:34:49', '2013-01-28 22:34:49', '418611208', null), ('14', '215054540', '73849921', 'sold', '0', '2013-01-28 22:34:49', '2013-01-28 22:34:49', '35341291', null), ('15', '215054540', '73849921', 'sold', '0', '2013-01-28 22:34:49', '2013-01-28 22:34:49', '35341291', null), ('16', '215054540', '183664179', 'sold', '0', '2013-01-28 22:34:49', '2013-01-28 22:34:49', '1015883258', null), ('17', '215054540', '183664179', 'sold', '0', '2013-01-28 22:34:49', '2013-01-28 22:34:49', '1015883258', null), ('18', '215054540', '183664179', 'sold', '0', '2013-01-28 22:34:49', '2013-01-28 22:34:49', '1015883258', null), ('19', '215054540', '183664179', 'sold', '0', '2013-01-28 22:34:49', '2013-01-28 22:34:49', '1015883258', null), ('20', '405540681', '183664179', 'sold', '0', '2013-01-28 22:34:49', '2013-01-28 22:34:49', '1015883258', null), ('21', '405540681', '183664179', 'sold', '0', '2013-01-28 22:34:49', '2013-01-28 22:34:49', '1015883258', null), ('22', '405540681', '183664179', 'sold', '0', '2013-01-28 22:34:49', '2013-01-28 22:34:49', '1015883258', null), ('23', '215054540', '192544832', 'sold', '0', '2013-01-28 22:34:49', '2013-01-28 22:34:49', '1023761401', null), ('24', '52862384', '790021435', 'sold', '0', '2013-01-28 22:34:49', '2013-01-28 22:34:49', '426352382', null), ('25', '52862384', '790021435', 'sold', '0', '2013-01-28 22:34:49', '2013-01-28 22:34:49', '426352382', null), ('26', '52862384', '790021435', 'sold', '0', '2013-01-28 22:34:49', '2013-01-28 22:34:49', '426352382', null), ('27', '52862384', '790021435', 'sold', '0', '2013-01-28 22:34:49', '2013-01-28 22:34:49', '426352382', null), ('28', '52862384', '790021435', 'sold', '0', '2013-01-28 22:34:49', '2013-01-28 22:34:49', '426352382', null), ('29', '52862384', '790021435', 'sold', '0', '2013-01-28 22:34:49', '2013-01-28 22:34:49', '426352382', null), ('30', '52862384', '790021435', 'sold', '0', '2013-01-28 22:34:49', '2013-01-28 22:34:49', '426352382', null), ('31', '52862384', '790021435', 'sold', '0', '2013-01-28 22:34:49', '2013-01-28 22:34:49', '426352382', null), ('32', '405540681', '228571690', 'sold', '0', '2013-01-28 22:34:49', '2013-01-28 22:34:49', '1004593649', null), ('33', '405540681', '228571690', 'sold', '0', '2013-01-28 22:34:49', '2013-01-28 22:34:49', '1004593649', null), ('34', '215054540', '216145139', 'sold', '0', '2013-01-28 22:34:49', '2013-01-28 22:34:49', '983385912', null), ('35', '215054540', '216145139', 'sold', '0', '2013-01-28 22:34:49', '2013-01-28 22:34:49', '983385912', null), ('36', '215054540', '216145139', 'sold', '0', '2013-01-28 22:34:49', '2013-01-28 22:34:49', '983385912', null), ('37', '52862384', '702619608', 'sold', '0', '2013-01-28 22:34:49', '2013-01-28 22:34:49', '530465809', null), ('38', '52862384', '702619608', 'sold', '0', '2013-01-28 22:34:49', '2013-01-28 22:34:49', '530465809', null), ('39', '52862384', '702619608', 'sold', '0', '2013-01-28 22:34:49', '2013-01-28 22:34:49', '530465809', null), ('40', '52862384', '702619608', 'sold', '0', '2013-01-28 22:34:49', '2013-01-28 22:34:49', '530465809', null), ('41', '52862384', '702619608', 'sold', '0', '2013-01-28 22:34:49', '2013-01-28 22:34:49', '530465809', null), ('42', '215054540', '228571690', 'sold', '0', '2013-01-28 22:34:49', '2013-01-28 22:34:49', '1004593649', null), ('43', '215054540', '239817259', 'sold', '0', '2013-01-28 22:34:49', '2013-01-28 22:34:49', '942934510', null), ('44', '215054540', '239817259', 'sold', '0', '2013-01-28 22:34:49', '2013-01-28 22:34:49', '942934510', null), ('45', '215054540', '239817259', 'sold', '0', '2013-01-28 22:34:49', '2013-01-28 22:34:49', '942934510', null), ('46', '599112055', '906884218', 'sold', '0', '2013-01-28 22:34:49', '2013-01-28 22:34:49', '7516093', null), ('47', '215054540', '265374943', 'sold', '0', '2013-01-28 22:34:49', '2013-01-28 22:34:49', '967710488', null), ('48', '215054540', '265374943', 'sold', '0', '2013-01-28 22:34:49', '2013-01-28 22:34:49', '967710488', null), ('49', '215054540', '265374943', 'sold', '0', '2013-01-28 22:34:49', '2013-01-28 22:34:49', '967710488', null), ('50', '215054540', '265374943', 'sold', '0', '2013-01-28 22:34:50', '2013-01-28 22:34:50', '967710488', null), ('51', '215054540', '264449064', 'sold', '0', '2013-01-28 22:34:50', '2013-01-28 22:34:50', '968652773', null), ('52', '504220342', '330565047', 'sold', '0', '2013-01-28 22:34:50', '2013-01-28 22:34:50', '365533797', null), ('53', '504220342', '330565047', 'sold', '0', '2013-01-28 22:34:50', '2013-01-28 22:34:50', '365533797', null), ('54', '504220342', '335228811', 'sold', '0', '2013-01-28 22:34:50', '2013-01-28 22:34:50', '629437518', null), ('55', '215054540', '9493021', 'sold', '0', '2013-01-28 22:34:50', '2013-01-28 22:34:50', '921666016', null), ('56', '215054540', '9493021', 'sold', '0', '2013-01-28 22:34:50', '2013-01-28 22:34:50', '921666016', null), ('57', '215054540', '9493021', 'sold', '0', '2013-01-28 22:34:50', '2013-01-28 22:34:50', '921666016', null), ('58', '215054540', '9493021', 'sold', '0', '2013-01-28 22:34:50', '2013-01-28 22:34:50', '921666016', null), ('59', '215054540', '8567520', 'sold', '0', '2013-01-28 22:34:50', '2013-01-28 22:34:50', '922607911', null), ('60', '215054540', '8567520', 'sold', '0', '2013-01-28 22:34:50', '2013-01-28 22:34:50', '922607911', null), ('61', '215054540', '17482993', 'sold', '0', '2013-01-28 22:34:50', '2013-01-28 22:34:50', '930455338', null), ('62', '215054540', '17482993', 'sold', '0', '2013-01-28 22:34:50', '2013-01-28 22:34:50', '930455338', null), ('63', '599112055', '953580620', 'sold', '0', '2013-01-28 22:34:50', '2013-01-28 22:34:50', '245966735', null), ('64', '52862384', '648055060', 'sold', '0', '2013-01-28 22:34:50', '2013-01-28 22:34:50', '283103959', null), ('65', '52862384', '648055060', 'sold', '0', '2013-01-28 22:34:50', '2013-01-28 22:34:50', '283103959', null), ('66', '52862384', '648055060', 'sold', '0', '2013-01-28 22:34:50', '2013-01-28 22:34:50', '283103959', null), ('67', '52862384', '648055060', 'sold', '0', '2013-01-28 22:34:50', '2013-01-28 22:34:50', '283103959', null), ('68', '52862384', '648055060', 'sold', '0', '2013-01-28 22:34:50', '2013-01-28 22:34:50', '283103959', null), ('69', '52862384', '648055060', 'sold', '0', '2013-01-28 22:34:50', '2013-01-28 22:34:50', '283103959', null), ('70', '52862384', '648055060', 'sold', '0', '2013-01-28 22:34:50', '2013-01-28 22:34:50', '283103959', null), ('71', '52862384', '648055060', 'sold', '0', '2013-01-28 22:34:50', '2013-01-28 22:34:50', '283103959', null), ('72', '52862384', '648055060', 'sold', '0', '2013-01-28 22:34:50', '2013-01-28 22:34:50', '283103959', null), ('73', '215054540', '37328065', 'sold', '0', '2013-01-28 22:34:50', '2013-01-28 22:34:50', '877055750', null), ('74', '215054540', '37328065', 'sold', '0', '2013-01-28 22:34:50', '2013-01-28 22:34:50', '877055750', null), ('75', '215054540', '37328065', 'sold', '0', '2013-01-28 22:34:50', '2013-01-28 22:34:50', '877055750', null), ('76', '215054540', '37328065', 'sold', '0', '2013-01-28 22:34:50', '2013-01-28 22:34:50', '877055750', null), ('77', '215054540', '36435006', 'sold', '0', '2013-01-28 22:34:50', '2013-01-28 22:34:50', '877965311', null), ('78', '215054540', '36435006', 'sold', '0', '2013-01-28 22:34:50', '2013-01-28 22:34:50', '877965311', null), ('79', '215054540', '36435006', 'sold', '0', '2013-01-28 22:34:50', '2013-01-28 22:34:50', '877965311', null), ('80', '215054540', '48114926', 'sold', '0', '2013-01-28 22:34:50', '2013-01-28 22:34:50', '882997035', null), ('81', '215054540', '48114926', 'sold', '0', '2013-01-28 22:34:50', '2013-01-28 22:34:50', '882997035', null), ('82', '215054540', '48114926', 'sold', '0', '2013-01-28 22:34:50', '2013-01-28 22:34:50', '882997035', null), ('83', '215054540', '46943257', 'sold', '0', '2013-01-28 22:34:50', '2013-01-28 22:34:50', '884152274', null), ('84', '215054540', '46943257', 'sold', '0', '2013-01-28 22:34:50', '2013-01-28 22:34:50', '884152274', null), ('85', '215054540', '231772182', 'sold', '0', '2013-01-28 22:34:50', '2013-01-28 22:34:50', '195891138', null), ('86', '215054540', '231772182', 'sold', '0', '2013-01-28 22:34:50', '2013-01-28 22:34:50', '195891138', null), ('87', '599112055', '983075517', 'sold', '0', '2013-01-28 22:34:50', '2013-01-28 22:34:50', '216519034', null), ('88', '599112055', '1039486630', 'sold', '0', '2013-01-28 22:34:50', '2013-01-28 22:34:50', '193598819', null), ('89', '52862384', '542594049', 'sold', '0', '2013-01-28 22:34:50', '2013-01-28 22:34:50', '371722298', null), ('90', '52862384', '542594049', 'sold', '0', '2013-01-28 22:34:50', '2013-01-28 22:34:50', '371722298', null), ('91', '52862384', '542594049', 'sold', '0', '2013-01-28 22:34:50', '2013-01-28 22:34:50', '371722298', null), ('92', '215054540', '89411802', 'sold', '0', '2013-01-28 22:34:50', '2013-01-28 22:34:50', '858458911', null), ('93', '215054540', '88485925', 'sold', '0', '2013-01-28 22:34:50', '2013-01-28 22:34:50', '859401190', null), ('94', '215054540', '88485925', 'sold', '0', '2013-01-28 22:34:50', '2013-01-28 22:34:50', '859401190', null), ('95', '215054540', '88485925', 'sold', '0', '2013-01-28 22:34:50', '2013-01-28 22:34:50', '859401190', null), ('96', '52862384', '567102733', 'sold', '0', '2013-01-28 22:34:50', '2013-01-28 22:34:50', '397547216', null), ('97', '52862384', '567102733', 'sold', '0', '2013-01-28 22:34:50', '2013-01-28 22:34:50', '397547216', null), ('98', '52862384', '567102733', 'sold', '0', '2013-01-28 22:34:50', '2013-01-28 22:34:50', '397547216', null), ('99', '52862384', '567102733', 'sold', '0', '2013-01-28 22:34:50', '2013-01-28 22:34:50', '397547216', null), ('100', '52862384', '567102733', 'sold', '0', '2013-01-28 22:34:50', '2013-01-28 22:34:50', '397547216', null), ('101', '52862384', '567102733', 'sold', '0', '2013-01-28 22:34:50', '2013-01-28 22:34:50', '397547216', null), ('102', '52862384', '567102733', 'sold', '0', '2013-01-28 22:34:50', '2013-01-28 22:34:50', '397547216', null), ('103', '52862384', '567102733', 'sold', '0', '2013-01-28 22:34:50', '2013-01-28 22:34:50', '397547216', null), ('104', '52862384', '567102733', 'sold', '0', '2013-01-28 22:34:50', '2013-01-28 22:34:50', '397547216', null), ('105', '52862384', '567102733', 'sold', '0', '2013-01-28 22:34:50', '2013-01-28 22:34:50', '397547216', null), ('106', '215054540', '95676661', 'sold', '0', '2013-01-28 22:34:50', '2013-01-28 22:34:50', '869053234', null), ('107', '215054540', '95676661', 'sold', '0', '2013-01-28 22:34:50', '2013-01-28 22:34:50', '869053234', null), ('108', '215054540', '95676661', 'sold', '0', '2013-01-28 22:34:50', '2013-01-28 22:34:50', '869053234', null), ('109', '215054540', '94472210', 'sold', '0', '2013-01-28 22:34:50', '2013-01-28 22:34:50', '870241227', null), ('110', '215054540', '94472210', 'sold', '0', '2013-01-28 22:34:50', '2013-01-28 22:34:50', '870241227', null), ('111', '215054540', '94472210', 'sold', '0', '2013-01-28 22:34:50', '2013-01-28 22:34:50', '870241227', null), ('112', '599112055', '1069267029', 'sold', '0', '2013-01-28 22:34:50', '2013-01-28 22:34:50', '163898264', null), ('113', '599112055', '1069267029', 'sold', '0', '2013-01-28 22:34:50', '2013-01-28 22:34:50', '163898264', null), ('114', '215054540', '134028804', 'sold', '0', '2013-01-28 22:34:50', '2013-01-28 22:34:50', '830621127', null), ('115', '215054540', '133136121', 'sold', '0', '2013-01-28 22:34:50', '2013-01-28 22:34:50', '831530304', null), ('116', '215054540', '133136121', 'sold', '0', '2013-01-28 22:34:50', '2013-01-28 22:34:50', '831530304', null), ('117', '504220342', '349815214', 'sold', '0', '2013-01-28 22:34:50', '2013-01-28 22:34:50', '312761982', null), ('118', '504220342', '349815214', 'sold', '0', '2013-01-28 22:34:50', '2013-01-28 22:34:50', '312761982', null), ('119', '215054540', '403830194', 'sold', '0', '2013-01-28 22:34:50', '2013-01-28 22:34:50', '779005547', null), ('120', '599112055', '567102733', 'sold', '0', '2013-01-28 22:34:50', '2013-01-28 22:34:50', '397547216', null), ('121', '599112055', '567102733', 'sold', '0', '2013-01-28 22:34:50', '2013-01-28 22:34:50', '397547216', null), ('122', '599112055', '568274416', 'sold', '0', '2013-01-28 22:34:50', '2013-01-28 22:34:50', '396391991', null), ('123', '599112055', '568274416', 'sold', '0', '2013-01-28 22:34:50', '2013-01-28 22:34:50', '396391991', null), ('124', '599112055', '568274416', 'sold', '0', '2013-01-28 22:34:50', '2013-01-28 22:34:50', '396391991', null), ('125', '215054540', '429493153', 'sold', '0', '2013-01-28 22:34:50', '2013-01-28 22:34:50', '803655784', null), ('126', '215054540', '428600156', 'sold', '0', '2013-01-28 22:34:50', '2013-01-28 22:34:50', '804565151', null), ('127', '215054540', '428600156', 'sold', '0', '2013-01-28 22:34:50', '2013-01-28 22:34:50', '804565151', null), ('128', '215054540', '428600156', 'sold', '0', '2013-01-28 22:34:50', '2013-01-28 22:34:50', '804565151', null), ('129', '215054540', '349815214', 'sold', '0', '2013-01-28 22:34:50', '2013-01-28 22:34:50', '312761982', null), ('130', '215054540', '349815214', 'sold', '0', '2013-01-28 22:34:50', '2013-01-28 22:34:50', '312761982', null), ('131', '215054540', '349815214', 'sold', '0', '2013-01-28 22:34:50', '2013-01-28 22:34:50', '312761982', null), ('132', '215054540', '349815214', 'sold', '0', '2013-01-28 22:34:50', '2013-01-28 22:34:50', '312761982', null), ('133', '599112055', '596761353', 'sold', '0', '2013-01-28 22:34:51', '2013-01-28 22:34:51', '367952066', null), ('134', '599112055', '596761353', 'sold', '0', '2013-01-28 22:34:51', '2013-01-28 22:34:51', '367952066', null), ('135', '52862384', '1068095656', 'sold', '0', '2013-01-28 22:34:51', '2013-01-28 22:34:51', '165053295', null), ('136', '52862384', '1068095656', 'sold', '0', '2013-01-28 22:34:51', '2013-01-28 22:34:51', '165053295', null), ('137', '52862384', '1068095656', 'sold', '0', '2013-01-28 22:34:51', '2013-01-28 22:34:51', '165053295', null), ('138', '52862384', '1068095656', 'sold', '0', '2013-01-28 22:34:51', '2013-01-28 22:34:51', '165053295', null), ('139', '52862384', '1068095656', 'sold', '0', '2013-01-28 22:34:51', '2013-01-28 22:34:51', '165053295', null), ('140', '52862384', '1068095656', 'sold', '0', '2013-01-28 22:34:51', '2013-01-28 22:34:51', '165053295', null), ('141', '52862384', '1068095656', 'sold', '0', '2013-01-28 22:34:51', '2013-01-28 22:34:51', '165053295', null), ('142', '52862384', '1068095656', 'sold', '0', '2013-01-28 22:34:51', '2013-01-28 22:34:51', '165053295', null), ('143', '215054540', '456181117', 'sold', '0', '2013-01-28 22:34:51', '2013-01-28 22:34:51', '760192702', null), ('144', '215054540', '456181117', 'sold', '0', '2013-01-28 22:34:51', '2013-01-28 22:34:51', '760192702', null), ('145', '215054540', '455255426', 'sold', '0', '2013-01-28 22:34:51', '2013-01-28 22:34:51', '761134663', null), ('146', '215054540', '455255426', 'sold', '0', '2013-01-28 22:34:51', '2013-01-28 22:34:51', '761134663', null), ('147', '215054540', '455255426', 'sold', '0', '2013-01-28 22:34:51', '2013-01-28 22:34:51', '761134663', null), ('148', '215054540', '455255426', 'sold', '0', '2013-01-28 22:34:51', '2013-01-28 22:34:51', '761134663', null), ('149', '215054540', '467107162', 'sold', '0', '2013-01-28 22:34:51', '2013-01-28 22:34:51', '765994643', null), ('150', '215054540', '465903021', 'sold', '0', '2013-01-28 22:34:51', '2013-01-28 22:34:51', '767182442', null), ('151', '215054540', '465903021', 'sold', '0', '2013-01-28 22:34:51', '2013-01-28 22:34:51', '767182442', null), ('152', '215054540', '475857254', 'sold', '0', '2013-01-28 22:34:51', '2013-01-28 22:34:51', '706894503', null), ('153', '215054540', '475857254', 'sold', '0', '2013-01-28 22:34:51', '2013-01-28 22:34:51', '706894503', null), ('154', '215054540', '474964377', 'sold', '0', '2013-01-28 22:34:51', '2013-01-28 22:34:51', '707803742', null), ('155', '215054540', '474964377', 'sold', '0', '2013-01-28 22:34:51', '2013-01-28 22:34:51', '707803742', null), ('156', '215054540', '474964377', 'sold', '0', '2013-01-28 22:34:51', '2013-01-28 22:34:51', '707803742', null), ('157', '215054540', '474964377', 'sold', '0', '2013-01-28 22:34:51', '2013-01-28 22:34:51', '707803742', null), ('158', '52862384', '952376497', 'sold', '0', '2013-01-28 22:34:51', '2013-01-28 22:34:51', '247154552', null), ('159', '52862384', '952376497', 'sold', '0', '2013-01-28 22:34:51', '2013-01-28 22:34:51', '247154552', null), ('160', '52862384', '952376497', 'sold', '0', '2013-01-28 22:34:51', '2013-01-28 22:34:51', '247154552', null), ('161', '52862384', '952376497', 'sold', '0', '2013-01-28 22:34:51', '2013-01-28 22:34:51', '247154552', null), ('162', '52862384', '952376497', 'sold', '0', '2013-01-28 22:34:51', '2013-01-28 22:34:51', '247154552', null), ('163', '405540681', '488679357', 'sold', '0', '2013-01-28 22:34:51', '2013-01-28 22:34:51', '727710848', null), ('164', '405540681', '488679357', 'sold', '0', '2013-01-28 22:34:51', '2013-01-28 22:34:51', '727710848', null), ('165', '405540681', '488679357', 'sold', '0', '2013-01-28 22:34:51', '2013-01-28 22:34:51', '727710848', null), ('166', '215054540', '481999185', 'sold', '0', '2013-01-28 22:34:51', '2013-01-28 22:34:51', '717611658', null), ('167', '215054540', '481999185', 'sold', '0', '2013-01-28 22:34:51', '2013-01-28 22:34:51', '717611658', null), ('168', '215054540', '481999185', 'sold', '0', '2013-01-28 22:34:51', '2013-01-28 22:34:51', '717611658', null), ('169', '215054540', '480827830', 'sold', '0', '2013-01-28 22:34:51', '2013-01-28 22:34:51', '718766707', null), ('170', '215054540', '480827830', 'sold', '0', '2013-01-28 22:34:51', '2013-01-28 22:34:51', '718766707', null), ('171', '215054540', '480827830', 'sold', '0', '2013-01-28 22:34:51', '2013-01-28 22:34:51', '718766707', null), ('172', '215054540', '480827830', 'sold', '0', '2013-01-28 22:34:51', '2013-01-28 22:34:51', '718766707', null), ('173', '215054540', '330565047', 'sold', '0', '2013-01-28 22:34:51', '2013-01-28 22:34:51', '365533797', null), ('174', '215054540', '330565047', 'sold', '0', '2013-01-28 22:34:51', '2013-01-28 22:34:51', '365533797', null), ('175', '215054540', '488679357', 'sold', '0', '2013-01-28 22:34:51', '2013-01-28 22:34:51', '727710848', null), ('176', '215054540', '488679357', 'sold', '0', '2013-01-28 22:34:51', '2013-01-28 22:34:51', '727710848', null), ('177', '215054540', '488679357', 'sold', '0', '2013-01-28 22:34:51', '2013-01-28 22:34:51', '727710848', null), ('178', '215054540', '488679357', 'sold', '0', '2013-01-28 22:34:51', '2013-01-28 22:34:51', '727710848', null), ('179', '215054540', '539762571', 'sold', '0', '2013-01-28 22:34:51', '2013-01-28 22:34:51', '1020487291', null), ('180', '599112055', '620502818', 'sold', '0', '2013-01-28 22:34:51', '2013-01-28 22:34:51', '310592731', null), ('181', '599112055', '620502818', 'sold', '0', '2013-01-28 22:34:51', '2013-01-28 22:34:51', '310592731', null), ('182', '599112055', '620502818', 'sold', '0', '2013-01-28 22:34:51', '2013-01-28 22:34:51', '310592731', null), ('183', '215054540', '519327672', 'sold', '0', '2013-01-28 22:34:51', '2013-01-28 22:34:51', '680203391', null), ('184', '215054540', '519327672', 'sold', '0', '2013-01-28 22:34:51', '2013-01-28 22:34:51', '680203391', null), ('185', '215054540', '519327672', 'sold', '0', '2013-01-28 22:34:51', '2013-01-28 22:34:51', '680203391', null), ('186', '215054540', '518401861', 'sold', '0', '2013-01-28 22:34:51', '2013-01-28 22:34:51', '681145480', null), ('187', '215054540', '518401861', 'sold', '0', '2013-01-28 22:34:51', '2013-01-28 22:34:51', '681145480', null), ('188', '504220342', '231772182', 'sold', '0', '2013-01-28 22:34:51', '2013-01-28 22:34:51', '195891138', null), ('189', '599112055', '649259497', 'sold', '0', '2013-01-28 22:34:51', '2013-01-28 22:34:51', '281915952', null), ('190', '599112055', '649259497', 'sold', '0', '2013-01-28 22:34:51', '2013-01-28 22:34:51', '281915952', null), ('191', '599112055', '649259497', 'sold', '0', '2013-01-28 22:34:51', '2013-01-28 22:34:51', '281915952', null), ('192', '215054540', '297130368', 'sold', '0', '2013-01-28 22:34:51', '2013-01-28 22:34:51', '667583165', null), ('193', '215054540', '297130368', 'sold', '0', '2013-01-28 22:34:51', '2013-01-28 22:34:51', '667583165', null), ('194', '215054540', '297130368', 'sold', '0', '2013-01-28 22:34:51', '2013-01-28 22:34:51', '667583165', null), ('195', '215054540', '297130368', 'sold', '0', '2013-01-28 22:34:51', '2013-01-28 22:34:51', '667583165', null), ('196', '215054540', '296204679', 'sold', '0', '2013-01-28 22:34:51', '2013-01-28 22:34:51', '668525120', null), ('197', '215054540', '296204679', 'sold', '0', '2013-01-28 22:34:51', '2013-01-28 22:34:51', '668525120', null), ('198', '215054540', '296204679', 'sold', '0', '2013-01-28 22:34:51', '2013-01-28 22:34:51', '668525120', null), ('199', '405540681', '335228811', 'sold', '0', '2013-01-28 22:34:51', '2013-01-28 22:34:51', '629437518', null), ('200', '405540681', '335228811', 'sold', '0', '2013-01-28 22:34:51', '2013-01-28 22:34:51', '629437518', null), ('201', '215054540', '308359551', 'sold', '0', '2013-01-28 22:34:51', '2013-01-28 22:34:51', '605973176', null), ('202', '215054540', '308359551', 'sold', '0', '2013-01-28 22:34:51', '2013-01-28 22:34:51', '605973176', null), ('203', '52862384', '932702864', 'sold', '0', '2013-01-28 22:34:51', '2013-01-28 22:34:51', '32026953', null), ('204', '52862384', '932702864', 'sold', '0', '2013-01-28 22:34:51', '2013-01-28 22:34:51', '32026953', null), ('205', '52862384', '932702864', 'sold', '0', '2013-01-28 22:34:51', '2013-01-28 22:34:51', '32026953', null), ('206', '52862384', '932702864', 'sold', '0', '2013-01-28 22:34:51', '2013-01-28 22:34:51', '32026953', null), ('207', '52862384', '932702864', 'sold', '0', '2013-01-28 22:34:51', '2013-01-28 22:34:51', '32026953', null), ('208', '52862384', '931498615', 'sold', '0', '2013-01-28 22:34:51', '2013-01-28 22:34:51', '33214900', null), ('209', '52862384', '931498615', 'sold', '0', '2013-01-28 22:34:51', '2013-01-28 22:34:51', '33214900', null), ('210', '52862384', '931498615', 'sold', '0', '2013-01-28 22:34:51', '2013-01-28 22:34:51', '33214900', null), ('211', '52862384', '931498615', 'sold', '0', '2013-01-28 22:34:51', '2013-01-28 22:34:51', '33214900', null), ('212', '599112055', '707237680', 'sold', '0', '2013-01-28 22:34:52', '2013-01-28 22:34:52', '475581673', null), ('213', '215054540', '335228811', 'sold', '0', '2013-01-28 22:34:52', '2013-01-28 22:34:52', '629437518', null), ('214', '215054540', '335228811', 'sold', '0', '2013-01-28 22:34:52', '2013-01-28 22:34:52', '629437518', null), ('215', '215054540', '335228811', 'sold', '0', '2013-01-28 22:34:52', '2013-01-28 22:34:52', '629437518', null), ('216', '215054540', '335228811', 'sold', '0', '2013-01-28 22:34:52', '2013-01-28 22:34:52', '629437518', null), ('217', '52862384', '820530800', 'sold', '0', '2013-01-28 22:34:52', '2013-01-28 22:34:52', '110564781', null), ('218', '52862384', '820530800', 'sold', '0', '2013-01-28 22:34:52', '2013-01-28 22:34:52', '110564781', null), ('219', '52862384', '820530800', 'sold', '0', '2013-01-28 22:34:52', '2013-01-28 22:34:52', '110564781', null), ('220', '52862384', '820530800', 'sold', '0', '2013-01-28 22:34:52', '2013-01-28 22:34:52', '110564781', null), ('221', '52862384', '820530800', 'sold', '0', '2013-01-28 22:34:52', '2013-01-28 22:34:52', '110564781', null), ('222', '52862384', '820530800', 'sold', '0', '2013-01-28 22:34:52', '2013-01-28 22:34:52', '110564781', null), ('223', '52862384', '820530800', 'sold', '0', '2013-01-28 22:34:52', '2013-01-28 22:34:52', '110564781', null), ('224', '52862384', '820530800', 'sold', '0', '2013-01-28 22:34:52', '2013-01-28 22:34:52', '110564781', null), ('225', '215054540', '345435026', 'sold', '0', '2013-01-28 22:34:52', '2013-01-28 22:34:52', '585740373', null), ('226', '215054540', '345435026', 'sold', '0', '2013-01-28 22:34:52', '2013-01-28 22:34:52', '585740373', null), ('227', '215054540', '345435026', 'sold', '0', '2013-01-28 22:34:52', '2013-01-28 22:34:52', '585740373', null), ('228', '215054540', '345435026', 'sold', '0', '2013-01-28 22:34:52', '2013-01-28 22:34:52', '585740373', null), ('229', '405540681', '345435026', 'sold', '0', '2013-01-28 22:34:52', '2013-01-28 22:34:52', '585740373', null), ('230', '405540681', '345435026', 'sold', '0', '2013-01-28 22:34:52', '2013-01-28 22:34:52', '585740373', null), ('231', '405540681', '345435026', 'sold', '0', '2013-01-28 22:34:52', '2013-01-28 22:34:52', '585740373', null), ('232', '215054540', '368651700', 'sold', '0', '2013-01-28 22:34:52', '2013-01-28 22:34:52', '596014713', null), ('233', '215054540', '368651700', 'sold', '0', '2013-01-28 22:34:52', '2013-01-28 22:34:52', '596014713', null), ('234', '215054540', '368651700', 'sold', '0', '2013-01-28 22:34:52', '2013-01-28 22:34:52', '596014713', null), ('235', '215054540', '368651700', 'sold', '0', '2013-01-28 22:34:52', '2013-01-28 22:34:52', '596014713', null), ('236', '215054540', '383262055', 'sold', '0', '2013-01-28 22:34:52', '2013-01-28 22:34:52', '547833508', null), ('237', '215054540', '383262055', 'sold', '0', '2013-01-28 22:34:52', '2013-01-28 22:34:52', '547833508', null), ('238', '215054540', '383262055', 'sold', '0', '2013-01-28 22:34:52', '2013-01-28 22:34:52', '547833508', null), ('239', '215054540', '383262055', 'sold', '0', '2013-01-28 22:34:52', '2013-01-28 22:34:52', '547833508', null), ('240', '215054540', '382369184', 'sold', '0', '2013-01-28 22:34:52', '2013-01-28 22:34:52', '548742745', null), ('241', '215054540', '391144298', 'sold', '0', '2013-01-28 22:34:52', '2013-01-28 22:34:52', '556742829', null), ('242', '215054540', '391144298', 'sold', '0', '2013-01-28 22:34:52', '2013-01-28 22:34:52', '556742829', null), ('243', '215054540', '391144298', 'sold', '0', '2013-01-28 22:34:52', '2013-01-28 22:34:52', '556742829', null), ('244', '215054540', '391144298', 'sold', '0', '2013-01-28 22:34:52', '2013-01-28 22:34:52', '556742829', null), ('245', '504220342', '73849921', 'sold', '0', '2013-01-28 22:34:52', '2013-01-28 22:34:52', '35341291', null), ('246', '599112055', '297130368', 'sold', '0', '2013-01-28 22:34:52', '2013-01-28 22:34:52', '667583165', null), ('247', '599112055', '297130368', 'sold', '0', '2013-01-28 22:34:52', '2013-01-28 22:34:52', '667583165', null), ('248', '215054540', '703823663', 'sold', '0', '2013-01-28 22:34:52', '2013-01-28 22:34:52', '529278188', null), ('249', '215054540', '702619608', 'sold', '0', '2013-01-28 22:34:52', '2013-01-28 22:34:52', '530465809', null), ('250', '215054540', '702619608', 'sold', '0', '2013-01-28 22:34:52', '2013-01-28 22:34:52', '530465809', null), ('251', '215054540', '702619608', 'sold', '0', '2013-01-28 22:34:52', '2013-01-28 22:34:52', '530465809', null), ('252', '215054540', '702619608', 'sold', '0', '2013-01-28 22:34:52', '2013-01-28 22:34:52', '530465809', null), ('253', '504220342', '987209861', 'sold', '0', '2013-01-28 22:34:52', '2013-01-28 22:34:52', '1017790295', null), ('254', '504220342', '987209861', 'sold', '0', '2013-01-28 22:34:52', '2013-01-28 22:34:52', '1017790295', null), ('255', '215054540', '615724322', 'sold', '0', '2013-01-28 22:34:52', '2013-01-28 22:34:52', '583969526', null), ('256', '215054540', '615724322', 'sold', '0', '2013-01-28 22:34:52', '2013-01-28 22:34:52', '583969526', null), ('257', '215054540', '615724322', 'sold', '0', '2013-01-28 22:34:52', '2013-01-28 22:34:52', '583969526', null), ('258', '215054540', '615724322', 'sold', '0', '2013-01-28 22:34:52', '2013-01-28 22:34:52', '583969526', null), ('259', '215054540', '707237680', 'sold', '0', '2013-01-28 22:34:52', '2013-01-28 22:34:52', '475581673', null), ('260', '215054540', '707237680', 'sold', '0', '2013-01-28 22:34:52', '2013-01-28 22:34:52', '475581673', null), ('261', '599112055', '335228811', 'sold', '0', '2013-01-28 22:34:52', '2013-01-28 22:34:52', '629437518', null), ('262', '599112055', '335228811', 'sold', '0', '2013-01-28 22:34:52', '2013-01-28 22:34:52', '629437518', null), ('263', '215054540', '727331319', 'sold', '0', '2013-01-28 22:34:52', '2013-01-28 22:34:52', '488991282', null), ('264', '215054540', '727331319', 'sold', '0', '2013-01-28 22:34:52', '2013-01-28 22:34:52', '488991282', null), ('265', '215054540', '726159630', 'sold', '0', '2013-01-28 22:34:52', '2013-01-28 22:34:52', '490146509', null), ('266', '52862384', '264449064', 'sold', '0', '2013-01-28 22:34:52', '2013-01-28 22:34:52', '968652773', null), ('267', '52862384', '264449064', 'sold', '0', '2013-01-28 22:34:52', '2013-01-28 22:34:52', '968652773', null), ('268', '52862384', '264449064', 'sold', '0', '2013-01-28 22:34:52', '2013-01-28 22:34:52', '968652773', null), ('269', '52862384', '264449064', 'sold', '0', '2013-01-28 22:34:52', '2013-01-28 22:34:52', '968652773', null), ('270', '52862384', '264449064', 'sold', '0', '2013-01-28 22:34:52', '2013-01-28 22:34:52', '968652773', null), ('271', '52862384', '264449064', 'sold', '0', '2013-01-28 22:34:52', '2013-01-28 22:34:52', '968652773', null), ('272', '52862384', '264449064', 'sold', '0', '2013-01-28 22:34:52', '2013-01-28 22:34:52', '968652773', null), ('273', '52862384', '264449064', 'sold', '0', '2013-01-28 22:34:52', '2013-01-28 22:34:52', '968652773', null), ('274', '52862384', '264449064', 'sold', '0', '2013-01-28 22:34:52', '2013-01-28 22:34:52', '968652773', null), ('275', '52862384', '264449064', 'sold', '0', '2013-01-28 22:34:52', '2013-01-28 22:34:52', '968652773', null), ('276', '405540681', '707237680', 'sold', '0', '2013-01-28 22:34:52', '2013-01-28 22:34:52', '475581673', null), ('277', '405540681', '707237680', 'sold', '0', '2013-01-28 22:34:52', '2013-01-28 22:34:52', '475581673', null), ('278', '405540681', '707237680', 'sold', '0', '2013-01-28 22:34:52', '2013-01-28 22:34:52', '475581673', null), ('279', '215054540', '733841882', 'sold', '0', '2013-01-28 22:34:52', '2013-01-28 22:34:52', '499307037', null), ('280', '215054540', '733841882', 'sold', '0', '2013-01-28 22:34:52', '2013-01-28 22:34:52', '499307037', null), ('281', '215054540', '733841882', 'sold', '0', '2013-01-28 22:34:52', '2013-01-28 22:34:52', '499307037', null), ('282', '215054540', '732948771', 'sold', '0', '2013-01-28 22:34:52', '2013-01-28 22:34:52', '500216554', null), ('283', '215054540', '732948771', 'sold', '0', '2013-01-28 22:34:52', '2013-01-28 22:34:52', '500216554', null), ('284', '215054540', '732948771', 'sold', '0', '2013-01-28 22:34:52', '2013-01-28 22:34:52', '500216554', null), ('285', '52862384', '145680447', 'sold', '0', '2013-01-28 22:34:52', '2013-01-28 22:34:52', '1053930492', null), ('286', '52862384', '145680447', 'sold', '0', '2013-01-28 22:34:52', '2013-01-28 22:34:52', '1053930492', null), ('287', '52862384', '145680447', 'sold', '0', '2013-01-28 22:34:52', '2013-01-28 22:34:52', '1053930492', null), ('288', '52862384', '145680447', 'sold', '0', '2013-01-28 22:34:52', '2013-01-28 22:34:52', '1053930492', null), ('289', '52862384', '145680447', 'sold', '0', '2013-01-28 22:34:52', '2013-01-28 22:34:52', '1053930492', null), ('290', '52862384', '145680447', 'sold', '0', '2013-01-28 22:34:52', '2013-01-28 22:34:52', '1053930492', null), ('291', '52862384', '145680447', 'sold', '0', '2013-01-28 22:34:52', '2013-01-28 22:34:52', '1053930492', null), ('292', '52862384', '145680447', 'sold', '0', '2013-01-28 22:34:52', '2013-01-28 22:34:52', '1053930492', null), ('293', '52862384', '145680447', 'sold', '0', '2013-01-28 22:34:52', '2013-01-28 22:34:52', '1053930492', null), ('294', '215054540', '741864942', 'sold', '0', '2013-01-28 22:34:52', '2013-01-28 22:34:52', '440970793', null), ('295', '215054540', '741864942', 'sold', '0', '2013-01-28 22:34:52', '2013-01-28 22:34:52', '440970793', null), ('296', '215054540', '741864942', 'sold', '0', '2013-01-28 22:34:52', '2013-01-28 22:34:52', '440970793', null), ('297', '215054540', '741864942', 'sold', '0', '2013-01-28 22:34:52', '2013-01-28 22:34:52', '440970793', null), ('298', '215054540', '740660503', 'sold', '0', '2013-01-28 22:34:52', '2013-01-28 22:34:52', '442158806', null), ('299', '215054540', '740660503', 'sold', '0', '2013-01-28 22:34:52', '2013-01-28 22:34:52', '442158806', null), ('300', '215054540', '740660503', 'sold', '0', '2013-01-28 22:34:52', '2013-01-28 22:34:52', '442158806', null), ('301', '215054540', '751848899', 'sold', '0', '2013-01-28 22:34:52', '2013-01-28 22:34:52', '447682054', null), ('302', '215054540', '751848899', 'sold', '0', '2013-01-28 22:34:53', '2013-01-28 22:34:53', '447682054', null), ('303', '215054540', '751848899', 'sold', '0', '2013-01-28 22:34:53', '2013-01-28 22:34:53', '447682054', null), ('304', '215054540', '751848899', 'sold', '0', '2013-01-28 22:34:53', '2013-01-28 22:34:53', '447682054', null), ('305', '215054540', '750923066', 'sold', '0', '2013-01-28 22:34:53', '2013-01-28 22:34:53', '448624385', null), ('306', '215054540', '750923066', 'sold', '0', '2013-01-28 22:34:53', '2013-01-28 22:34:53', '448624385', null), ('307', '215054540', '601813305', 'sold', '0', '2013-01-28 22:34:53', '2013-01-28 22:34:53', '631467759', null), ('308', '599112055', '345435026', 'sold', '0', '2013-01-28 22:34:53', '2013-01-28 22:34:53', '585740373', null), ('309', '599112055', '345435026', 'sold', '0', '2013-01-28 22:34:53', '2013-01-28 22:34:53', '585740373', null), ('310', '504220342', '1035625630', 'sold', '0', '2013-01-28 22:34:53', '2013-01-28 22:34:53', '1002961742', null), ('311', '504220342', '1035625630', 'sold', '0', '2013-01-28 22:34:53', '2013-01-28 22:34:53', '1002961742', null), ('312', '215054540', '782154552', 'sold', '0', '2013-01-28 22:34:53', '2013-01-28 22:34:53', '417456373', null), ('313', '215054540', '782154552', 'sold', '0', '2013-01-28 22:34:53', '2013-01-28 22:34:53', '417456373', null), ('314', '215054540', '782154552', 'sold', '0', '2013-01-28 22:34:53', '2013-01-28 22:34:53', '417456373', null), ('315', '215054540', '782154552', 'sold', '0', '2013-01-28 22:34:53', '2013-01-28 22:34:53', '417456373', null), ('316', '215054540', '780983247', 'sold', '0', '2013-01-28 22:34:53', '2013-01-28 22:34:53', '418611208', null), ('317', '215054540', '790021435', 'sold', '0', '2013-01-28 22:34:53', '2013-01-28 22:34:53', '426352382', null), ('318', '215054540', '790021435', 'sold', '0', '2013-01-28 22:34:53', '2013-01-28 22:34:53', '426352382', null), ('319', '215054540', '790021435', 'sold', '0', '2013-01-28 22:34:53', '2013-01-28 22:34:53', '426352382', null), ('320', '599112055', '383262055', 'sold', '0', '2013-01-28 22:34:53', '2013-01-28 22:34:53', '547833508', null), ('321', '215054540', '542594049', 'sold', '0', '2013-01-28 22:34:53', '2013-01-28 22:34:53', '371722298', null), ('322', '215054540', '542594049', 'sold', '0', '2013-01-28 22:34:53', '2013-01-28 22:34:53', '371722298', null), ('323', '504220342', '862055596', 'sold', '0', '2013-01-28 22:34:53', '2013-01-28 22:34:53', '891057020', null), ('324', '504220342', '862055596', 'sold', '0', '2013-01-28 22:34:53', '2013-01-28 22:34:53', '891057020', null), ('325', '215054540', '568274416', 'sold', '0', '2013-01-28 22:34:53', '2013-01-28 22:34:53', '396391991', null), ('326', '215054540', '568274416', 'sold', '0', '2013-01-28 22:34:53', '2013-01-28 22:34:53', '396391991', null), ('327', '215054540', '568274416', 'sold', '0', '2013-01-28 22:34:53', '2013-01-28 22:34:53', '396391991', null), ('328', '215054540', '567102733', 'sold', '0', '2013-01-28 22:34:53', '2013-01-28 22:34:53', '397547216', null), ('329', '215054540', '567102733', 'sold', '0', '2013-01-28 22:34:53', '2013-01-28 22:34:53', '397547216', null), ('330', '215054540', '567102733', 'sold', '0', '2013-01-28 22:34:53', '2013-01-28 22:34:53', '397547216', null), ('331', '405540681', '596761353', 'sold', '0', '2013-01-28 22:34:53', '2013-01-28 22:34:53', '367952066', null), ('332', '215054540', '587078949', 'sold', '0', '2013-01-28 22:34:53', '2013-01-28 22:34:53', '344016612', null), ('333', '52862384', '133136121', 'sold', '0', '2013-01-28 22:34:53', '2013-01-28 22:34:53', '831530304', null), ('334', '52862384', '133136121', 'sold', '0', '2013-01-28 22:34:53', '2013-01-28 22:34:53', '831530304', null), ('335', '52862384', '133136121', 'sold', '0', '2013-01-28 22:34:53', '2013-01-28 22:34:53', '831530304', null), ('336', '215054540', '596761353', 'sold', '0', '2013-01-28 22:34:53', '2013-01-28 22:34:53', '367952066', null), ('337', '215054540', '596761353', 'sold', '0', '2013-01-28 22:34:53', '2013-01-28 22:34:53', '367952066', null), ('338', '215054540', '596761353', 'sold', '0', '2013-01-28 22:34:53', '2013-01-28 22:34:53', '367952066', null), ('339', '215054540', '596761353', 'sold', '0', '2013-01-28 22:34:53', '2013-01-28 22:34:53', '367952066', null), ('340', '52862384', '8567520', 'sold', '0', '2013-01-28 22:34:53', '2013-01-28 22:34:53', '922607911', null), ('341', '52862384', '8567520', 'sold', '0', '2013-01-28 22:34:53', '2013-01-28 22:34:53', '922607911', null), ('342', '52862384', '8567520', 'sold', '0', '2013-01-28 22:34:53', '2013-01-28 22:34:53', '922607911', null), ('343', '52862384', '8567520', 'sold', '0', '2013-01-28 22:34:53', '2013-01-28 22:34:53', '922607911', null), ('344', '52862384', '8567520', 'sold', '0', '2013-01-28 22:34:53', '2013-01-28 22:34:53', '922607911', null), ('345', '52862384', '8567520', 'sold', '0', '2013-01-28 22:34:53', '2013-01-28 22:34:53', '922607911', null), ('346', '52862384', '8567520', 'sold', '0', '2013-01-28 22:34:53', '2013-01-28 22:34:53', '922607911', null), ('347', '599112055', '488679357', 'sold', '0', '2013-01-28 22:34:53', '2013-01-28 22:34:53', '727710848', null), ('348', '215054540', '620502818', 'sold', '0', '2013-01-28 22:34:53', '2013-01-28 22:34:53', '310592731', null), ('349', '215054540', '620502818', 'sold', '0', '2013-01-28 22:34:53', '2013-01-28 22:34:53', '310592731', null), ('350', '405540681', '620502818', 'sold', '0', '2013-01-28 22:34:54', '2013-01-28 22:34:54', '310592731', null), ('351', '405540681', '620502818', 'sold', '0', '2013-01-28 22:34:54', '2013-01-28 22:34:54', '310592731', null), ('352', '215054540', '627442156', 'sold', '0', '2013-01-28 22:34:54', '2013-01-28 22:34:54', '320428591', null), ('353', '215054540', '627442156', 'sold', '0', '2013-01-28 22:34:54', '2013-01-28 22:34:54', '320428591', null), ('354', '215054540', '627442156', 'sold', '0', '2013-01-28 22:34:54', '2013-01-28 22:34:54', '320428591', null), ('355', '215054540', '649259497', 'sold', '0', '2013-01-28 22:34:54', '2013-01-28 22:34:54', '281915952', null), ('356', '215054540', '649259497', 'sold', '0', '2013-01-28 22:34:54', '2013-01-28 22:34:54', '281915952', null), ('357', '215054540', '649259497', 'sold', '0', '2013-01-28 22:34:54', '2013-01-28 22:34:54', '281915952', null), ('358', '215054540', '649259497', 'sold', '0', '2013-01-28 22:34:54', '2013-01-28 22:34:54', '281915952', null), ('359', '215054540', '648055060', 'sold', '0', '2013-01-28 22:34:54', '2013-01-28 22:34:54', '283103959', null), ('360', '215054540', '648055060', 'sold', '0', '2013-01-28 22:34:54', '2013-01-28 22:34:54', '283103959', null), ('361', '599112055', '17482993', 'sold', '0', '2013-01-28 22:34:54', '2013-01-28 22:34:54', '930455338', null), ('362', '599112055', '17482993', 'sold', '0', '2013-01-28 22:34:54', '2013-01-28 22:34:54', '930455338', null), ('363', '215054540', '953580620', 'sold', '0', '2013-01-28 22:34:54', '2013-01-28 22:34:54', '245966735', null), ('364', '215054540', '953580620', 'sold', '0', '2013-01-28 22:34:54', '2013-01-28 22:34:54', '245966735', null), ('365', '215054540', '952376497', 'sold', '0', '2013-01-28 22:34:54', '2013-01-28 22:34:54', '247154552', null), ('366', '215054540', '952376497', 'sold', '0', '2013-01-28 22:34:54', '2013-01-28 22:34:54', '247154552', null), ('367', '215054540', '952376497', 'sold', '0', '2013-01-28 22:34:54', '2013-01-28 22:34:54', '247154552', null), ('368', '215054540', '961307330', 'sold', '0', '2013-01-28 22:34:54', '2013-01-28 22:34:54', '255015291', null), ('369', '215054540', '961307330', 'sold', '0', '2013-01-28 22:34:54', '2013-01-28 22:34:54', '255015291', null), ('370', '215054540', '961307330', 'sold', '0', '2013-01-28 22:34:54', '2013-01-28 22:34:54', '255015291', null), ('371', '405540681', '953580620', 'sold', '0', '2013-01-28 22:34:54', '2013-01-28 22:34:54', '245966735', null), ('372', '405540681', '953580620', 'sold', '0', '2013-01-28 22:34:54', '2013-01-28 22:34:54', '245966735', null), ('373', '405540681', '953580620', 'sold', '0', '2013-01-28 22:34:54', '2013-01-28 22:34:54', '245966735', null), ('374', '52862384', '518401861', 'sold', '0', '2013-01-28 22:34:54', '2013-01-28 22:34:54', '681145480', null), ('375', '52862384', '518401861', 'sold', '0', '2013-01-28 22:34:54', '2013-01-28 22:34:54', '681145480', null), ('376', '52862384', '518401861', 'sold', '0', '2013-01-28 22:34:54', '2013-01-28 22:34:54', '681145480', null), ('377', '52862384', '518401861', 'sold', '0', '2013-01-28 22:34:54', '2013-01-28 22:34:54', '681145480', null), ('378', '215054540', '983075517', 'sold', '0', '2013-01-28 22:34:54', '2013-01-28 22:34:54', '216519034', null), ('379', '405540681', '983075517', 'sold', '0', '2013-01-28 22:34:54', '2013-01-28 22:34:54', '216519034', null), ('380', '215054540', '1004874852', 'sold', '0', '2013-01-28 22:34:54', '2013-01-28 22:34:54', '228226979', null), ('381', '215054540', '1004874852', 'sold', '0', '2013-01-28 22:34:54', '2013-01-28 22:34:54', '228226979', null), ('382', '215054540', '1004874852', 'sold', '0', '2013-01-28 22:34:54', '2013-01-28 22:34:54', '228226979', null), ('383', '215054540', '1004874852', 'sold', '0', '2013-01-28 22:34:54', '2013-01-28 22:34:54', '228226979', null), ('384', '405540681', '1039486630', 'sold', '0', '2013-01-28 22:34:54', '2013-01-28 22:34:54', '193598819', null), ('385', '215054540', '1014837421', 'sold', '0', '2013-01-28 22:34:54', '2013-01-28 22:34:54', '167930736', null), ('386', '215054540', '1014837421', 'sold', '0', '2013-01-28 22:34:54', '2013-01-28 22:34:54', '167930736', null), ('387', '215054540', '1014837421', 'sold', '0', '2013-01-28 22:34:54', '2013-01-28 22:34:54', '167930736', null), ('388', '52862384', '403830194', 'sold', '0', '2013-01-28 22:34:54', '2013-01-28 22:34:54', '779005547', null), ('389', '52862384', '403830194', 'sold', '0', '2013-01-28 22:34:54', '2013-01-28 22:34:54', '779005547', null), ('390', '52862384', '403830194', 'sold', '0', '2013-01-28 22:34:54', '2013-01-28 22:34:54', '779005547', null), ('391', '52862384', '403830194', 'sold', '0', '2013-01-28 22:34:54', '2013-01-28 22:34:54', '779005547', null), ('392', '52862384', '403830194', 'sold', '0', '2013-01-28 22:34:54', '2013-01-28 22:34:54', '779005547', null), ('393', '52862384', '428600156', 'sold', '0', '2013-01-28 22:34:54', '2013-01-28 22:34:54', '804565151', null), ('394', '52862384', '428600156', 'sold', '0', '2013-01-28 22:34:54', '2013-01-28 22:34:54', '804565151', null), ('395', '52862384', '428600156', 'sold', '0', '2013-01-28 22:34:54', '2013-01-28 22:34:54', '804565151', null), ('396', '52862384', '428600156', 'sold', '0', '2013-01-28 22:34:54', '2013-01-28 22:34:54', '804565151', null), ('397', '52862384', '428600156', 'sold', '0', '2013-01-28 22:34:54', '2013-01-28 22:34:54', '804565151', null), ('398', '52862384', '428600156', 'sold', '0', '2013-01-28 22:34:54', '2013-01-28 22:34:54', '804565151', null), ('399', '52862384', '428600156', 'sold', '0', '2013-01-28 22:34:54', '2013-01-28 22:34:54', '804565151', null), ('400', '52862384', '428600156', 'sold', '0', '2013-01-28 22:34:54', '2013-01-28 22:34:54', '804565151', null), ('401', '52862384', '428600156', 'sold', '0', '2013-01-28 22:34:54', '2013-01-28 22:34:54', '804565151', null), ('402', '52862384', '428600156', 'sold', '0', '2013-01-28 22:34:54', '2013-01-28 22:34:54', '804565151', null), ('403', '215054540', '862055596', 'sold', '0', '2013-01-28 22:34:54', '2013-01-28 22:34:54', '891057020', null), ('404', '215054540', '862055596', 'sold', '0', '2013-01-28 22:34:54', '2013-01-28 22:34:54', '891057020', null), ('405', '215054540', '862055596', 'sold', '0', '2013-01-28 22:34:54', '2013-01-28 22:34:54', '891057020', null), ('406', '215054540', '1039486630', 'sold', '0', '2013-01-28 22:34:54', '2013-01-28 22:34:54', '193598819', null), ('407', '215054540', '1069267029', 'sold', '0', '2013-01-28 22:34:54', '2013-01-28 22:34:54', '163898264', null), ('408', '215054540', '1069267029', 'sold', '0', '2013-01-28 22:34:54', '2013-01-28 22:34:54', '163898264', null), ('409', '215054540', '1068095656', 'sold', '0', '2013-01-28 22:34:54', '2013-01-28 22:34:54', '165053295', null), ('410', '215054540', '1068095656', 'sold', '0', '2013-01-28 22:34:54', '2013-01-28 22:34:54', '165053295', null), ('411', '215054540', '1068095656', 'sold', '0', '2013-01-28 22:34:54', '2013-01-28 22:34:54', '165053295', null), ('412', '215054540', '821702295', 'sold', '0', '2013-01-28 22:34:54', '2013-01-28 22:34:54', '109409616', null), ('413', '215054540', '821702295', 'sold', '0', '2013-01-28 22:34:54', '2013-01-28 22:34:54', '109409616', null), ('414', '215054540', '820530800', 'sold', '0', '2013-01-28 22:34:54', '2013-01-28 22:34:54', '110564781', null), ('415', '215054540', '820530800', 'sold', '0', '2013-01-28 22:34:54', '2013-01-28 22:34:54', '110564781', null), ('416', '215054540', '820530800', 'sold', '0', '2013-01-28 22:34:54', '2013-01-28 22:34:54', '110564781', null), ('417', '504220342', '601813305', 'sold', '0', '2013-01-28 22:34:54', '2013-01-28 22:34:54', '631467759', null), ('418', '599112055', '146573512', 'sold', '0', '2013-01-28 22:34:54', '2013-01-28 22:34:54', '1053020929', null), ('419', '215054540', '844324943', 'sold', '0', '2013-01-28 22:34:54', '2013-01-28 22:34:54', '70007694', null), ('420', '215054540', '843120822', 'sold', '0', '2013-01-28 22:34:54', '2013-01-28 22:34:54', '71195505', null), ('421', '215054540', '843120822', 'sold', '0', '2013-01-28 22:34:54', '2013-01-28 22:34:54', '71195505', null), ('422', '215054540', '843120822', 'sold', '0', '2013-01-28 22:34:54', '2013-01-28 22:34:54', '71195505', null), ('423', '52862384', '382369184', 'sold', '0', '2013-01-28 22:34:54', '2013-01-28 22:34:54', '548742745', null), ('424', '52862384', '382369184', 'sold', '0', '2013-01-28 22:34:54', '2013-01-28 22:34:54', '548742745', null), ('425', '52862384', '382369184', 'sold', '0', '2013-01-28 22:34:54', '2013-01-28 22:34:54', '548742745', null), ('426', '52862384', '382369184', 'sold', '0', '2013-01-28 22:34:54', '2013-01-28 22:34:54', '548742745', null), ('427', '52862384', '382369184', 'sold', '0', '2013-01-28 22:34:54', '2013-01-28 22:34:54', '548742745', null), ('428', '52862384', '382369184', 'sold', '0', '2013-01-28 22:34:54', '2013-01-28 22:34:54', '548742745', null), ('429', '52862384', '382369184', 'sold', '0', '2013-01-28 22:34:54', '2013-01-28 22:34:54', '548742745', null), ('430', '52862384', '382369184', 'sold', '0', '2013-01-28 22:34:54', '2013-01-28 22:34:54', '548742745', null), ('431', '215054540', '850712674', 'sold', '0', '2013-01-28 22:34:54', '2013-01-28 22:34:54', '80446377', null), ('432', '215054540', '850712674', 'sold', '0', '2013-01-28 22:34:54', '2013-01-28 22:34:54', '80446377', null), ('433', '215054540', '850712674', 'sold', '0', '2013-01-28 22:34:55', '2013-01-28 22:34:55', '80446377', null), ('434', '215054540', '850712674', 'sold', '0', '2013-01-28 22:34:55', '2013-01-28 22:34:55', '80446377', null), ('435', '215054540', '849787035', 'sold', '0', '2013-01-28 22:34:55', '2013-01-28 22:34:55', '81388382', null), ('436', '215054540', '849787035', 'sold', '0', '2013-01-28 22:34:55', '2013-01-28 22:34:55', '81388382', null), ('437', '215054540', '849787035', 'sold', '0', '2013-01-28 22:34:55', '2013-01-28 22:34:55', '81388382', null), ('438', '215054540', '849787035', 'sold', '0', '2013-01-28 22:34:55', '2013-01-28 22:34:55', '81388382', null), ('439', '215054540', '1035625630', 'sold', '0', '2013-01-28 22:34:55', '2013-01-28 22:34:55', '1002961742', null), ('440', '215054540', '1035625630', 'sold', '0', '2013-01-28 22:34:55', '2013-01-28 22:34:55', '1002961742', null), ('441', '215054540', '1035625630', 'sold', '0', '2013-01-28 22:34:55', '2013-01-28 22:34:55', '1002961742', null), ('442', '599112055', '183664179', 'sold', '0', '2013-01-28 22:34:55', '2013-01-28 22:34:55', '1015883258', null), ('443', '599112055', '183664179', 'sold', '0', '2013-01-28 22:34:55', '2013-01-28 22:34:55', '1015883258', null), ('444', '599112055', '183664179', 'sold', '0', '2013-01-28 22:34:55', '2013-01-28 22:34:55', '1015883258', null), ('445', '52862384', '391144298', 'sold', '0', '2013-01-28 22:34:55', '2013-01-28 22:34:55', '556742829', null), ('446', '52862384', '391144298', 'sold', '0', '2013-01-28 22:34:55', '2013-01-28 22:34:55', '556742829', null), ('447', '52862384', '391144298', 'sold', '0', '2013-01-28 22:34:55', '2013-01-28 22:34:55', '556742829', null), ('448', '52862384', '391144298', 'sold', '0', '2013-01-28 22:34:55', '2013-01-28 22:34:55', '556742829', null), ('449', '52862384', '391144298', 'sold', '0', '2013-01-28 22:34:55', '2013-01-28 22:34:55', '556742829', null), ('450', '215054540', '987209861', 'sold', '0', '2013-01-28 22:34:55', '2013-01-28 22:34:55', '1017790295', null), ('451', '215054540', '987209861', 'sold', '0', '2013-01-28 22:34:55', '2013-01-28 22:34:55', '1017790295', null), ('452', '215054540', '987209861', 'sold', '0', '2013-01-28 22:34:55', '2013-01-28 22:34:55', '1017790295', null), ('453', '215054540', '987209861', 'sold', '0', '2013-01-28 22:34:55', '2013-01-28 22:34:55', '1017790295', null), ('454', '599112055', '228571690', 'sold', '0', '2013-01-28 22:34:55', '2013-01-28 22:34:55', '1004593649', null), ('455', '599112055', '228571690', 'sold', '0', '2013-01-28 22:34:55', '2013-01-28 22:34:55', '1004593649', null), ('456', '52862384', '296204679', 'sold', '0', '2013-01-28 22:34:55', '2013-01-28 22:34:55', '668525120', null), ('457', '52862384', '296204679', 'sold', '0', '2013-01-28 22:34:55', '2013-01-28 22:34:55', '668525120', null), ('458', '52862384', '296204679', 'sold', '0', '2013-01-28 22:34:55', '2013-01-28 22:34:55', '668525120', null), ('459', '52862384', '296204679', 'sold', '0', '2013-01-28 22:34:55', '2013-01-28 22:34:55', '668525120', null), ('460', '52862384', '296204679', 'sold', '0', '2013-01-28 22:34:55', '2013-01-28 22:34:55', '668525120', null), ('461', '52862384', '296204679', 'sold', '0', '2013-01-28 22:34:55', '2013-01-28 22:34:55', '668525120', null), ('462', '52862384', '296204679', 'sold', '0', '2013-01-28 22:34:55', '2013-01-28 22:34:55', '668525120', null), ('463', '52862384', '296204679', 'sold', '0', '2013-01-28 22:34:55', '2013-01-28 22:34:55', '668525120', null), ('464', '215054540', '893297750', 'sold', '0', '2013-01-28 22:34:55', '2013-01-28 22:34:55', '54656917', null), ('465', '215054540', '893297750', 'sold', '0', '2013-01-28 22:34:55', '2013-01-28 22:34:55', '54656917', null), ('466', '215054540', '893297750', 'sold', '0', '2013-01-28 22:34:55', '2013-01-28 22:34:55', '54656917', null), ('467', '215054540', '893297750', 'sold', '0', '2013-01-28 22:34:55', '2013-01-28 22:34:55', '54656917', null), ('468', '215054540', '892126383', 'sold', '0', '2013-01-28 22:34:55', '2013-01-28 22:34:55', '55811946', null), ('469', '215054540', '892126383', 'sold', '0', '2013-01-28 22:34:56', '2013-01-28 22:34:56', '55811946', null), ('470', '215054540', '903421051', 'sold', '0', '2013-01-28 22:34:56', '2013-01-28 22:34:56', '61228994', null), ('471', '215054540', '903421051', 'sold', '0', '2013-01-28 22:34:56', '2013-01-28 22:34:56', '61228994', null), ('472', '215054540', '903421051', 'sold', '0', '2013-01-28 22:34:56', '2013-01-28 22:34:56', '61228994', null), ('473', '215054540', '902528130', 'sold', '0', '2013-01-28 22:34:56', '2013-01-28 22:34:56', '62138181', null), ('474', '215054540', '906884218', 'sold', '0', '2013-01-28 22:34:56', '2013-01-28 22:34:56', '7516093', null), ('475', '215054540', '906884218', 'sold', '0', '2013-01-28 22:34:56', '2013-01-28 22:34:56', '7516093', null), ('476', '599112055', '265374943', 'sold', '0', '2013-01-28 22:34:56', '2013-01-28 22:34:56', '967710488', null), ('477', '504220342', '615724322', 'sold', '0', '2013-01-28 22:34:56', '2013-01-28 22:34:56', '583969526', null), ('478', '504220342', '615724322', 'sold', '0', '2013-01-28 22:34:56', '2013-01-28 22:34:56', '583969526', null), ('479', '215054540', '932702864', 'sold', '0', '2013-01-28 22:34:56', '2013-01-28 22:34:56', '32026953', null), ('480', '215054540', '931498615', 'sold', '0', '2013-01-28 22:34:56', '2013-01-28 22:34:56', '33214900', null), ('481', '215054540', '931498615', 'sold', '0', '2013-01-28 22:34:56', '2013-01-28 22:34:56', '33214900', null), ('482', '215054540', '931498615', 'sold', '0', '2013-01-28 22:34:56', '2013-01-28 22:34:56', '33214900', null), ('483', '215054540', '931498615', 'sold', '0', '2013-01-28 22:34:56', '2013-01-28 22:34:56', '33214900', null);
COMMIT;

-- ----------------------------
--  Table structure for `line_items`
-- ----------------------------
DROP TABLE IF EXISTS `line_items`;
CREATE TABLE `line_items` (
  `id` int(11) NOT NULL AUTO_INCREMENT,
  `order_id` int(11) DEFAULT NULL,
  `variant_id` int(11) DEFAULT NULL,
  `quantity` int(11) NOT NULL,
  `price` decimal(8,2) NOT NULL,
  `created_at` datetime DEFAULT NULL,
  `updated_at` datetime DEFAULT NULL,
  PRIMARY KEY (`id`),
  KEY `index_line_items_on_order_id` (`order_id`),
  KEY `index_line_items_on_variant_id` (`variant_id`)
) ENGINE=InnoDB AUTO_INCREMENT=1070870199 DEFAULT CHARSET=utf8;

-- ----------------------------
--  Records of `line_items`
-- ----------------------------
BEGIN;
INSERT INTO `line_items` VALUES ('15543303', '146573512', '215054540', '2', '15.99', '2013-01-28 22:34:46', '2013-01-28 22:34:46'), ('16731390', '145680447', '215054540', '4', '15.99', '2013-01-28 22:34:46', '2013-01-28 22:34:46'), ('34846300', '780983247', '52862384', '7', '13.99', '2013-01-28 22:34:46', '2013-01-28 22:34:46'), ('43228685', '73849921', '215054540', '2', '15.99', '2013-01-28 22:34:46', '2013-01-28 22:34:46'), ('44292852', '183664179', '215054540', '4', '15.99', '2013-01-28 22:34:46', '2013-01-28 22:34:46'), ('50744442', '183664179', '405540681', '3', '19.99', '2013-01-28 22:34:46', '2013-01-28 22:34:46'), ('53191935', '192544832', '215054540', '1', '15.99', '2013-01-28 22:34:46', '2013-01-28 22:34:46'), ('59353266', '790021435', '52862384', '8', '13.99', '2013-01-28 22:34:46', '2013-01-28 22:34:46'), ('74156129', '228571690', '405540681', '2', '19.99', '2013-01-28 22:34:46', '2013-01-28 22:34:46'), ('78886962', '216145139', '215054540', '3', '15.99', '2013-01-28 22:34:46', '2013-01-28 22:34:46'), ('92172869', '702619608', '52862384', '5', '13.99', '2013-01-28 22:34:46', '2013-01-28 22:34:46'), ('97394411', '228571690', '215054540', '1', '15.99', '2013-01-28 22:34:46', '2013-01-28 22:34:46'), ('102430444', '239817259', '215054540', '3', '15.99', '2013-01-28 22:34:46', '2013-01-28 22:34:46'), ('122003800', '906884218', '599112055', '1', '16.99', '2013-01-28 22:34:46', '2013-01-28 22:34:46'), ('125888542', '265374943', '215054540', '4', '15.99', '2013-01-28 22:34:46', '2013-01-28 22:34:46'), ('127043815', '264449064', '215054540', '1', '15.99', '2013-01-28 22:34:46', '2013-01-28 22:34:46'), ('145281751', '330565047', '504220342', '2', '22.99', '2013-01-28 22:34:46', '2013-01-28 22:34:46'), ('146453040', '335228811', '504220342', '1', '22.99', '2013-01-28 22:34:46', '2013-01-28 22:34:46'), ('146898650', '9493021', '215054540', '4', '15.99', '2013-01-28 22:34:46', '2013-01-28 22:34:46'), ('148053541', '8567520', '215054540', '2', '15.99', '2013-01-28 22:34:46', '2013-01-28 22:34:46'), ('156983340', '17482993', '215054540', '2', '15.99', '2013-01-28 22:34:46', '2013-01-28 22:34:46'), ('161360230', '953580620', '599112055', '1', '16.99', '2013-01-28 22:34:46', '2013-01-28 22:34:46'), ('171959431', '648055060', '52862384', '9', '13.99', '2013-01-28 22:34:46', '2013-01-28 22:34:46'), ('174600196', '37328065', '215054540', '4', '15.99', '2013-01-28 22:34:46', '2013-01-28 22:34:46'), ('175788281', '36435006', '215054540', '3', '15.99', '2013-01-28 22:34:46', '2013-01-28 22:34:46'), ('177178673', '48114926', '215054540', '3', '15.99', '2013-01-28 22:34:46', '2013-01-28 22:34:46'), ('178120916', '46943257', '215054540', '2', '15.99', '2013-01-28 22:34:46', '2013-01-28 22:34:46'), ('187028006', '231772182', '215054540', '2', '15.99', '2013-01-28 22:34:46', '2013-01-28 22:34:46'), ('198238101', '983075517', '599112055', '1', '16.99', '2013-01-28 22:34:46', '2013-01-28 22:34:46'), ('213719948', '1039486630', '599112055', '1', '16.99', '2013-01-28 22:34:46', '2013-01-28 22:34:46'), ('214449770', '542594049', '52862384', '3', '13.99', '2013-01-28 22:34:46', '2013-01-28 22:34:46'), ('218493981', '89411802', '215054540', '1', '15.99', '2013-01-28 22:34:46', '2013-01-28 22:34:46'), ('219649248', '88485925', '215054540', '3', '15.99', '2013-01-28 22:34:46', '2013-01-28 22:34:46'), ('223486112', '567102733', '52862384', '10', '13.99', '2013-01-28 22:34:46', '2013-01-28 22:34:46'), ('232934456', '95676661', '215054540', '3', '15.99', '2013-01-28 22:34:46', '2013-01-28 22:34:46'), ('233843917', '94472210', '215054540', '3', '15.99', '2013-01-28 22:34:46', '2013-01-28 22:34:46'), ('250867069', '1069267029', '599112055', '2', '16.99', '2013-01-28 22:34:46', '2013-01-28 22:34:46'), ('262978241', '134028804', '215054540', '1', '15.99', '2013-01-28 22:34:46', '2013-01-28 22:34:46'), ('264165950', '133136121', '215054540', '2', '15.99', '2013-01-28 22:34:46', '2013-01-28 22:34:46'), ('264574672', '349815214', '504220342', '2', '22.99', '2013-01-28 22:34:46', '2013-01-28 22:34:46'), ('272650605', '403830194', '215054540', '1', '15.99', '2013-01-28 22:34:46', '2013-01-28 22:34:46'), ('277157925', '567102733', '599112055', '2', '16.99', '2013-01-28 22:34:46', '2013-01-28 22:34:46'), ('278362338', '568274416', '599112055', '3', '16.99', '2013-01-28 22:34:46', '2013-01-28 22:34:46'), ('298332006', '429493153', '215054540', '1', '15.99', '2013-01-28 22:34:46', '2013-01-28 22:34:46'), ('299519897', '428600156', '215054540', '3', '15.99', '2013-01-28 22:34:46', '2013-01-28 22:34:46'), ('304907166', '349815214', '215054540', '4', '15.99', '2013-01-28 22:34:46', '2013-01-28 22:34:46'), ('316247593', '596761353', '599112055', '2', '16.99', '2013-01-28 22:34:46', '2013-01-28 22:34:46'), ('322352447', '1068095656', '52862384', '8', '13.99', '2013-01-28 22:34:46', '2013-01-28 22:34:46'), ('325149112', '456181117', '215054540', '2', '15.99', '2013-01-28 22:34:46', '2013-01-28 22:34:46'), ('326304069', '455255426', '215054540', '4', '15.99', '2013-01-28 22:34:46', '2013-01-28 22:34:46'), ('327604629', '467107162', '215054540', '1', '15.99', '2013-01-28 22:34:46', '2013-01-28 22:34:46'), ('328513904', '465903021', '215054540', '2', '15.99', '2013-01-28 22:34:46', '2013-01-28 22:34:46'), ('336373153', '475857254', '215054540', '2', '15.99', '2013-01-28 22:34:46', '2013-01-28 22:34:46'), ('337560924', '474964377', '215054540', '4', '15.99', '2013-01-28 22:34:46', '2013-01-28 22:34:46'), ('341537064', '952376497', '52862384', '5', '13.99', '2013-01-28 22:34:46', '2013-01-28 22:34:46'), ('349476340', '488679357', '405540681', '3', '19.99', '2013-01-28 22:34:46', '2013-01-28 22:34:46'), ('350952844', '481999185', '215054540', '3', '15.99', '2013-01-28 22:34:46', '2013-01-28 22:34:46'), ('351894905', '480827830', '215054540', '4', '15.99', '2013-01-28 22:34:46', '2013-01-28 22:34:46'), ('356599687', '330565047', '215054540', '2', '15.99', '2013-01-28 22:34:46', '2013-01-28 22:34:46'), ('359727994', '488679357', '215054540', '4', '15.99', '2013-01-28 22:34:46', '2013-01-28 22:34:46'), ('361688498', '539762571', '215054540', '1', '15.99', '2013-01-28 22:34:46', '2013-01-28 22:34:46'), ('364137008', '620502818', '599112055', '3', '16.99', '2013-01-28 22:34:46', '2013-01-28 22:34:46'), ('379972477', '519327672', '215054540', '3', '15.99', '2013-01-28 22:34:46', '2013-01-28 22:34:46'), ('381127554', '518401861', '215054540', '2', '15.99', '2013-01-28 22:34:46', '2013-01-28 22:34:46'), ('382486392', '231772182', '504220342', '1', '22.99', '2013-01-28 22:34:46', '2013-01-28 22:34:46'), ('402308297', '649259497', '599112055', '3', '16.99', '2013-01-28 22:34:46', '2013-01-28 22:34:46'), ('434404799', '297130368', '215054540', '4', '15.99', '2013-01-28 22:34:46', '2013-01-28 22:34:46'), ('435559750', '296204679', '215054540', '3', '15.99', '2013-01-28 22:34:46', '2013-01-28 22:34:46'), ('437198278', '335228811', '405540681', '2', '19.99', '2013-01-28 22:34:46', '2013-01-28 22:34:46'), ('439391678', '308359551', '215054540', '2', '15.99', '2013-01-28 22:34:46', '2013-01-28 22:34:46'), ('453543709', '932702864', '52862384', '5', '13.99', '2013-01-28 22:34:46', '2013-01-28 22:34:46'), ('454748128', '931498615', '52862384', '4', '13.99', '2013-01-28 22:34:46', '2013-01-28 22:34:46'), ('460308994', '707237680', '599112055', '1', '16.99', '2013-01-28 22:34:46', '2013-01-28 22:34:46'), ('464161612', '335228811', '215054540', '4', '15.99', '2013-01-28 22:34:46', '2013-01-28 22:34:46'), ('477570041', '820530800', '52862384', '8', '13.99', '2013-01-28 22:34:46', '2013-01-28 22:34:46'), ('482824019', '345435026', '215054540', '4', '15.99', '2013-01-28 22:34:46', '2013-01-28 22:34:46'), ('493017565', '345435026', '405540681', '3', '19.99', '2013-01-28 22:34:46', '2013-01-28 22:34:46'), ('497584499', '368651700', '215054540', '4', '15.99', '2013-01-28 22:34:46', '2013-01-28 22:34:46'), ('512342438', '383262055', '215054540', '4', '15.99', '2013-01-28 22:34:46', '2013-01-28 22:34:46'), ('513530207', '382369184', '215054540', '1', '15.99', '2013-01-28 22:34:46', '2013-01-28 22:34:46'), ('520210347', '391144298', '215054540', '4', '15.99', '2013-01-28 22:34:46', '2013-01-28 22:34:46'), ('528092001', '73849921', '504220342', '1', '22.99', '2013-01-28 22:34:46', '2013-01-28 22:34:46'), ('553487442', '297130368', '599112055', '2', '16.99', '2013-01-28 22:34:46', '2013-01-28 22:34:46'), ('564321262', '703823663', '215054540', '1', '15.99', '2013-01-28 22:34:46', '2013-01-28 22:34:46'), ('565230359', '702619608', '215054540', '4', '15.99', '2013-01-28 22:34:46', '2013-01-28 22:34:46'), ('566982629', '987209861', '504220342', '2', '22.99', '2013-01-28 22:34:46', '2013-01-28 22:34:46'), ('575043350', '615724322', '215054540', '4', '15.99', '2013-01-28 22:34:46', '2013-01-28 22:34:46'), ('578171887', '707237680', '215054540', '2', '15.99', '2013-01-28 22:34:46', '2013-01-28 22:34:46'), ('582187687', '335228811', '599112055', '2', '16.99', '2013-01-28 22:34:46', '2013-01-28 22:34:46'), ('587961656', '727331319', '215054540', '2', '15.99', '2013-01-28 22:34:46', '2013-01-28 22:34:46'), ('588903887', '726159630', '215054540', '1', '15.99', '2013-01-28 22:34:46', '2013-01-28 22:34:46'), ('593248689', '264449064', '52862384', '10', '13.99', '2013-01-28 22:34:46', '2013-01-28 22:34:46'), ('601073001', '707237680', '405540681', '3', '19.99', '2013-01-28 22:34:46', '2013-01-28 22:34:46'), ('602680603', '733841882', '215054540', '3', '15.99', '2013-01-28 22:34:46', '2013-01-28 22:34:46'), ('603868644', '732948771', '215054540', '3', '15.99', '2013-01-28 22:34:46', '2013-01-28 22:34:46'), ('607225256', '145680447', '52862384', '9', '13.99', '2013-01-28 22:34:46', '2013-01-28 22:34:46'), ('610685231', '741864942', '215054540', '4', '15.99', '2013-01-28 22:34:46', '2013-01-28 22:34:46'), ('611594712', '740660503', '215054540', '3', '15.99', '2013-01-28 22:34:46', '2013-01-28 22:34:46'), ('612493572', '751848899', '215054540', '4', '15.99', '2013-01-28 22:34:46', '2013-01-28 22:34:46'), ('613648891', '750923066', '215054540', '2', '15.99', '2013-01-28 22:34:46', '2013-01-28 22:34:46'), ('623620877', '601813305', '215054540', '1', '15.99', '2013-01-28 22:34:46', '2013-01-28 22:34:46'), ('635354816', '345435026', '599112055', '2', '16.99', '2013-01-28 22:34:46', '2013-01-28 22:34:46'), ('648459260', '1035625630', '504220342', '2', '22.99', '2013-01-28 22:34:46', '2013-01-28 22:34:46'), ('651108343', '782154552', '215054540', '4', '15.99', '2013-01-28 22:34:46', '2013-01-28 22:34:46'), ('652050190', '780983247', '215054540', '1', '15.99', '2013-01-28 22:34:46', '2013-01-28 22:34:46'), ('658989564', '790021435', '215054540', '3', '15.99', '2013-01-28 22:34:46', '2013-01-28 22:34:46'), ('663767115', '383262055', '599112055', '1', '16.99', '2013-01-28 22:34:46', '2013-01-28 22:34:46'), ('671545148', '542594049', '215054540', '2', '15.99', '2013-01-28 22:34:46', '2013-01-28 22:34:46'), ('679295946', '862055596', '504220342', '2', '22.99', '2013-01-28 22:34:46', '2013-01-28 22:34:46'), ('697207093', '568274416', '215054540', '3', '15.99', '2013-01-28 22:34:46', '2013-01-28 22:34:46'), ('698149322', '567102733', '215054540', '3', '15.99', '2013-01-28 22:34:46', '2013-01-28 22:34:46'), ('711321934', '596761353', '405540681', '1', '19.99', '2013-01-28 22:34:46', '2013-01-28 22:34:46'), ('716159466', '587078949', '215054540', '1', '15.99', '2013-01-28 22:34:46', '2013-01-28 22:34:46'), ('728765296', '133136121', '52862384', '3', '13.99', '2013-01-28 22:34:46', '2013-01-28 22:34:46'), ('734035908', '596761353', '215054540', '4', '15.99', '2013-01-28 22:34:46', '2013-01-28 22:34:46'), ('740153207', '8567520', '52862384', '7', '13.99', '2013-01-28 22:34:46', '2013-01-28 22:34:46'), ('745075349', '488679357', '599112055', '1', '16.99', '2013-01-28 22:34:46', '2013-01-28 22:34:46'), ('749583325', '620502818', '215054540', '2', '15.99', '2013-01-28 22:34:46', '2013-01-28 22:34:46'), ('755510615', '620502818', '405540681', '2', '19.99', '2013-01-28 22:34:46', '2013-01-28 22:34:46'), ('758621481', '627442156', '215054540', '3', '15.99', '2013-01-28 22:34:46', '2013-01-28 22:34:46'), ('786648366', '649259497', '215054540', '4', '15.99', '2013-01-28 22:34:46', '2013-01-28 22:34:46'), ('787557841', '648055060', '215054540', '2', '15.99', '2013-01-28 22:34:46', '2013-01-28 22:34:46'), ('809669057', '17482993', '599112055', '2', '16.99', '2013-01-28 22:34:46', '2013-01-28 22:34:46'), ('814209161', '953580620', '215054540', '2', '15.99', '2013-01-28 22:34:46', '2013-01-28 22:34:46'), ('815118454', '952376497', '215054540', '3', '15.99', '2013-01-28 22:34:46', '2013-01-28 22:34:46'), ('824034941', '961307330', '215054540', '3', '15.99', '2013-01-28 22:34:46', '2013-01-28 22:34:46'), ('824331779', '953580620', '405540681', '3', '19.99', '2013-01-28 22:34:46', '2013-01-28 22:34:46'), ('846807768', '518401861', '52862384', '4', '13.99', '2013-01-28 22:34:46', '2013-01-28 22:34:46'), ('852045440', '983075517', '215054540', '1', '15.99', '2013-01-28 22:34:46', '2013-01-28 22:34:46'), ('862763254', '983075517', '405540681', '1', '19.99', '2013-01-28 22:34:46', '2013-01-28 22:34:46'), ('867469481', '1004874852', '215054540', '4', '15.99', '2013-01-28 22:34:46', '2013-01-28 22:34:46'), ('872512751', '1039486630', '405540681', '1', '19.99', '2013-01-28 22:34:46', '2013-01-28 22:34:46'), ('875336810', '1014837421', '215054540', '3', '15.99', '2013-01-28 22:34:46', '2013-01-28 22:34:46'), ('881760315', '403830194', '52862384', '5', '13.99', '2013-01-28 22:34:46', '2013-01-28 22:34:46'), ('890537679', '428600156', '52862384', '10', '13.99', '2013-01-28 22:34:46', '2013-01-28 22:34:46'), ('898936476', '862055596', '215054540', '3', '15.99', '2013-01-28 22:34:46', '2013-01-28 22:34:46'), ('900000361', '1039486630', '215054540', '1', '15.99', '2013-01-28 22:34:46', '2013-01-28 22:34:46'), ('938089618', '1069267029', '215054540', '2', '15.99', '2013-01-28 22:34:46', '2013-01-28 22:34:46'), ('939031661', '1068095656', '215054540', '3', '15.99', '2013-01-28 22:34:46', '2013-01-28 22:34:46'), ('950766166', '821702295', '215054540', '2', '15.99', '2013-01-28 22:34:46', '2013-01-28 22:34:46'), ('951708335', '820530800', '215054540', '3', '15.99', '2013-01-28 22:34:46', '2013-01-28 22:34:46'), ('952247897', '601813305', '504220342', '1', '22.99', '2013-01-28 22:34:46', '2013-01-28 22:34:46'), ('972348906', '146573512', '599112055', '1', '16.99', '2013-01-28 22:34:46', '2013-01-28 22:34:46'), ('973259920', '844324943', '215054540', '1', '15.99', '2013-01-28 22:34:46', '2013-01-28 22:34:46'), ('974169207', '843120822', '215054540', '3', '15.99', '2013-01-28 22:34:46', '2013-01-28 22:34:46'), ('978653197', '382369184', '52862384', '8', '13.99', '2013-01-28 22:34:46', '2013-01-28 22:34:46'), ('988118179', '850712674', '215054540', '4', '15.99', '2013-01-28 22:34:46', '2013-01-28 22:34:46'), ('989273180', '849787035', '215054540', '4', '15.99', '2013-01-28 22:34:46', '2013-01-28 22:34:46'), ('995042986', '1035625630', '215054540', '3', '15.99', '2013-01-28 22:34:46', '2013-01-28 22:34:46'), ('1002056479', '183664179', '599112055', '3', '16.99', '2013-01-28 22:34:46', '2013-01-28 22:34:46'), ('1003425537', '391144298', '52862384', '5', '13.99', '2013-01-28 22:34:46', '2013-01-28 22:34:46'), ('1008919217', '987209861', '215054540', '4', '15.99', '2013-01-28 22:34:46', '2013-01-28 22:34:46'), ('1020784392', '228571690', '599112055', '2', '16.99', '2013-01-28 22:34:46', '2013-01-28 22:34:46'), ('1027134484', '296204679', '52862384', '8', '13.99', '2013-01-28 22:34:46', '2013-01-28 22:34:46'), ('1030684823', '893297750', '215054540', '4', '15.99', '2013-01-28 22:34:46', '2013-01-28 22:34:46'), ('1031626864', '892126383', '215054540', '2', '15.99', '2013-01-28 22:34:46', '2013-01-28 22:34:46'), ('1032370364', '903421051', '215054540', '3', '15.99', '2013-01-28 22:34:46', '2013-01-28 22:34:46'), ('1033558083', '902528130', '215054540', '1', '15.99', '2013-01-28 22:34:46', '2013-01-28 22:34:46'), ('1046237371', '906884218', '215054540', '2', '15.99', '2013-01-28 22:34:46', '2013-01-28 22:34:46'), ('1050221043', '265374943', '599112055', '1', '16.99', '2013-01-28 22:34:46', '2013-01-28 22:34:46'), ('1068491328', '615724322', '504220342', '2', '22.99', '2013-01-28 22:34:46', '2013-01-28 22:34:46'), ('1069960783', '932702864', '215054540', '1', '15.99', '2013-01-28 22:34:46', '2013-01-28 22:34:46'), ('1070870198', '931498615', '215054540', '4', '15.99', '2013-01-28 22:34:46', '2013-01-28 22:34:46');
COMMIT;

-- ----------------------------
--  Table structure for `log_entries`
-- ----------------------------
DROP TABLE IF EXISTS `log_entries`;
CREATE TABLE `log_entries` (
  `id` int(11) NOT NULL AUTO_INCREMENT,
  `source_id` int(11) DEFAULT NULL,
  `source_type` varchar(255) DEFAULT NULL,
  `details` text,
  `created_at` datetime DEFAULT NULL,
  `updated_at` datetime DEFAULT NULL,
  PRIMARY KEY (`id`)
) ENGINE=InnoDB DEFAULT CHARSET=utf8;

-- ----------------------------
--  Table structure for `mail_methods`
-- ----------------------------
DROP TABLE IF EXISTS `mail_methods`;
CREATE TABLE `mail_methods` (
  `id` int(11) NOT NULL AUTO_INCREMENT,
  `environment` varchar(255) DEFAULT NULL,
  `active` tinyint(1) DEFAULT '1',
  `created_at` datetime DEFAULT NULL,
  `updated_at` datetime DEFAULT NULL,
  PRIMARY KEY (`id`)
) ENGINE=InnoDB DEFAULT CHARSET=utf8;

-- ----------------------------
--  Table structure for `option_types`
-- ----------------------------
DROP TABLE IF EXISTS `option_types`;
CREATE TABLE `option_types` (
  `id` int(11) NOT NULL AUTO_INCREMENT,
  `name` varchar(100) DEFAULT NULL,
  `presentation` varchar(100) DEFAULT NULL,
  `created_at` datetime DEFAULT NULL,
  `updated_at` datetime DEFAULT NULL,
  PRIMARY KEY (`id`)
) ENGINE=InnoDB AUTO_INCREMENT=935339118 DEFAULT CHARSET=utf8;

-- ----------------------------
--  Records of `option_types`
-- ----------------------------
BEGIN;
INSERT INTO `option_types` VALUES ('643188970', 'tshirt-color', 'Color', '2013-01-28 22:34:46', '2013-01-28 22:34:46'), ('935339117', 'tshirt-size', 'Size', '2013-01-28 22:34:46', '2013-01-28 22:34:46');
COMMIT;

-- ----------------------------
--  Table structure for `option_types_prototypes`
-- ----------------------------
DROP TABLE IF EXISTS `option_types_prototypes`;
CREATE TABLE `option_types_prototypes` (
  `prototype_id` int(11) DEFAULT NULL,
  `option_type_id` int(11) DEFAULT NULL
) ENGINE=InnoDB DEFAULT CHARSET=utf8;

-- ----------------------------
--  Table structure for `option_values`
-- ----------------------------
DROP TABLE IF EXISTS `option_values`;
CREATE TABLE `option_values` (
  `id` int(11) NOT NULL AUTO_INCREMENT,
  `option_type_id` int(11) DEFAULT NULL,
  `name` varchar(255) DEFAULT NULL,
  `position` int(11) DEFAULT NULL,
  `presentation` varchar(255) DEFAULT NULL,
  `created_at` datetime DEFAULT NULL,
  `updated_at` datetime DEFAULT NULL,
  PRIMARY KEY (`id`)
) ENGINE=InnoDB AUTO_INCREMENT=979459987 DEFAULT CHARSET=utf8;

-- ----------------------------
--  Records of `option_values`
-- ----------------------------
BEGIN;
INSERT INTO `option_values` VALUES ('278588964', '643188970', 'Green', '2', 'Green', '2013-01-28 22:34:46', '2013-01-28 22:34:46'), ('369541888', '935339117', 'Large', '3', 'L', '2013-01-28 22:34:46', '2013-01-28 22:34:46'), ('453955339', '935339117', 'Small', '1', 'S', '2013-01-28 22:34:46', '2013-01-28 22:34:46'), ('506907318', '643188970', 'Blue', '3', 'Blue', '2013-01-28 22:34:46', '2013-01-28 22:34:46'), ('553775723', '935339117', 'Medium', '2', 'M', '2013-01-28 22:34:46', '2013-01-28 22:34:46'), ('574344309', '935339117', 'Extra Large', '4', 'XL', '2013-01-28 22:34:46', '2013-01-28 22:34:46'), ('979459986', '643188970', 'Red', '1', 'Red', '2013-01-28 22:34:46', '2013-01-28 22:34:46');
COMMIT;

-- ----------------------------
--  Table structure for `option_values_variants`
-- ----------------------------
DROP TABLE IF EXISTS `option_values_variants`;
CREATE TABLE `option_values_variants` (
  `variant_id` int(11) DEFAULT NULL,
  `option_value_id` int(11) DEFAULT NULL,
  KEY `index_option_values_variants_on_variant_id` (`variant_id`),
  KEY `index_option_values_variants_on_variant_id_and_option_value_id` (`variant_id`,`option_value_id`)
) ENGINE=InnoDB DEFAULT CHARSET=utf8;

-- ----------------------------
--  Records of `option_values_variants`
-- ----------------------------
BEGIN;
INSERT INTO `option_values_variants` VALUES ('97292824', '278588964'), ('97292824', '553775723'), ('205047256', '574344309'), ('205047256', '979459986'), ('265742438', '278588964'), ('265742438', '369541888'), ('325821322', '453955339'), ('325821322', '979459986'), ('405540681', '369541888'), ('405540681', '506907318'), ('529709246', '278588964'), ('529709246', '453955339'), ('568516732', '369541888'), ('568516732', '979459986'), ('664770399', '506907318'), ('664770399', '553775723'), ('947339321', '553775723'), ('947339321', '979459986'), ('1013589412', '453955339'), ('1013589412', '506907318');
COMMIT;

-- ----------------------------
--  Table structure for `orders`
-- ----------------------------
DROP TABLE IF EXISTS `orders`;
CREATE TABLE `orders` (
  `id` int(11) NOT NULL AUTO_INCREMENT,
  `user_id` int(11) DEFAULT NULL,
  `number` varchar(15) DEFAULT NULL,
  `item_total` decimal(8,2) NOT NULL DEFAULT '0.00',
  `total` decimal(8,2) NOT NULL DEFAULT '0.00',
  `created_at` datetime DEFAULT NULL,
  `updated_at` datetime DEFAULT NULL,
  `state` varchar(255) DEFAULT NULL,
  `adjustment_total` decimal(8,2) NOT NULL DEFAULT '0.00',
  `credit_total` decimal(8,2) NOT NULL DEFAULT '0.00',
  `completed_at` datetime DEFAULT NULL,
  `bill_address_id` int(11) DEFAULT NULL,
  `ship_address_id` int(11) DEFAULT NULL,
  `payment_total` decimal(8,2) DEFAULT '0.00',
  `shipping_method_id` int(11) DEFAULT NULL,
  `shipment_state` varchar(255) DEFAULT NULL,
  `payment_state` varchar(255) DEFAULT NULL,
  `email` varchar(255) DEFAULT NULL,
  `special_instructions` text,
  PRIMARY KEY (`id`),
  KEY `index_orders_on_number` (`number`)
) ENGINE=InnoDB AUTO_INCREMENT=1069267030 DEFAULT CHARSET=utf8;

-- ----------------------------
--  Records of `orders`
-- ----------------------------
BEGIN;
INSERT INTO `orders` VALUES ('8567520', '712180813', 'R158353011', '129.91', '134.91', '2013-01-18 13:34:46', '2013-01-28 22:34:46', 'complete', '5.00', '0.00', '2013-01-18 13:34:46', '379059436', '574376536', '0.00', null, 'pending', 'balance_due', 'ulises@cronin.name', null), ('9493021', '711025848', 'R688711036', '63.96', '68.96', '2013-01-16 15:34:46', '2013-01-28 22:34:46', 'complete', '5.00', '0.00', '2013-01-16 15:34:46', '377854995', '573450925', '0.00', null, 'pending', 'balance_due', 'coty@deckow.info', null), ('17482993', '737901126', 'R713025150', '65.96', '70.96', '2013-01-21 23:34:46', '2013-01-28 22:34:46', 'complete', '5.00', '0.00', '2013-01-21 23:34:46', '387941095', '599012441', '0.00', null, 'pending', 'balance_due', 'eladio@whitekoss.info', null), ('36435006', '685394585', 'R002528635', '47.97', '52.97', '2013-01-06 15:34:46', '2013-01-28 22:34:46', 'complete', '5.00', '0.00', '2013-01-06 15:34:46', '339653170', '546636942', '0.00', null, 'pending', 'balance_due', 'effie_cartwright@hackettemmerich.com', null), ('37328065', '684206702', 'R428315081', '63.96', '68.96', '2013-01-09 09:34:46', '2013-01-28 22:34:46', 'complete', '5.00', '0.00', '2013-01-09 09:34:46', '338481867', '545743993', '0.00', null, 'pending', 'balance_due', 'dwight@grady.com', null), ('46943257', '675148478', 'R072551608', '31.98', '36.98', '2013-01-10 18:34:46', '2013-01-28 22:34:46', 'complete', '5.00', '0.00', '2013-01-10 18:34:46', '349768223', '544390305', '0.00', null, 'pending', 'balance_due', 'alvena_johnston@skilesroob.info', null), ('48114926', '674206273', 'R172382552', '47.97', '52.97', '2013-01-12 09:34:46', '2013-01-28 22:34:46', 'complete', '5.00', '0.00', '2013-01-12 09:34:46', '348875494', '543218782', '0.00', null, 'pending', 'balance_due', 'napoleon_anderson@bodewindler.com', null), ('73849921', '452191684', 'R018885064', '54.97', '59.97', '2013-01-26 18:34:46', '2013-01-28 22:34:46', 'complete', '5.00', '0.00', '2013-01-26 18:34:46', '126041504', '501684253', '0.00', null, 'pending', 'balance_due', 'weldon_lueilwitz@mitchelljenkins.net', null), ('88485925', '800558738', 'R487444737', '47.97', '52.97', '2013-01-06 01:34:46', '2013-01-28 22:34:46', 'complete', '5.00', '0.00', '2013-01-06 01:34:46', '324236843', '670613653', '0.00', null, 'pending', 'balance_due', 'carmen.ratke@conn.com', null), ('89411802', '799403637', 'R703363814', '15.99', '20.99', '2013-01-08 12:34:46', '2013-01-28 22:34:46', 'complete', '5.00', '0.00', '2013-01-08 12:34:46', '323032786', '669687922', '0.00', null, 'pending', 'balance_due', 'dagmar.lesch@denesikkassulke.biz', null), ('94472210', '793786021', 'R651431335', '47.97', '52.97', '2013-01-11 15:34:46', '2013-01-28 22:34:46', 'complete', '5.00', '0.00', '2013-01-11 15:34:46', '330616326', '656373946', '0.00', null, 'pending', 'balance_due', 'dariana_schmidt@gerlach.net', null), ('95676661', '792876634', 'R411032361', '47.97', '52.97', '2013-01-13 04:34:46', '2013-01-28 22:34:46', 'complete', '5.00', '0.00', '2013-01-13 04:34:46', '329690879', '655169605', '0.00', null, 'pending', 'balance_due', 'tressa.botsford@oberbrunnernicolas.name', null), ('133136121', '756990036', 'R543788721', '73.95', '78.95', '2013-01-17 15:34:46', '2013-01-28 22:34:46', 'complete', '5.00', '0.00', '2013-01-17 15:34:46', '301611251', '626101841', '0.00', null, 'pending', 'balance_due', 'rowan_mclaughlin@harber.org', null), ('134028804', '755802289', 'R141671564', '15.99', '20.99', '2013-01-15 21:34:46', '2013-01-28 22:34:46', 'complete', '5.00', '0.00', '2013-01-15 21:34:46', '300439564', '625209012', '0.00', null, 'pending', 'balance_due', 'branson@leuschke.info', null), ('145680447', '576673428', 'R256803862', '189.87', '194.87', '2013-01-20 02:34:46', '2013-01-28 22:34:46', 'complete', '5.00', '0.00', '2013-01-20 02:34:46', '515616313', '705697931', '0.00', null, 'pending', 'balance_due', 'sterling.brakus@bergstrom.net', null), ('146573512', '575485547', 'R806716480', '48.97', '53.97', '2013-01-22 12:34:46', '2013-01-28 22:34:46', 'complete', '5.00', '0.00', '2013-01-22 12:34:46', '514445004', '704804980', '0.00', null, 'pending', 'balance_due', 'gail@prohaskakoelpin.com', null), ('183664179', '537116830', 'R723211258', '174.90', '179.90', '2013-01-25 07:34:46', '2013-01-28 22:34:46', 'complete', '5.00', '0.00', '2013-01-25 07:34:46', '484915261', '676105863', '0.00', null, 'pending', 'balance_due', 'ernie.hudson@yost.com', null), ('192544832', '562806419', 'R860565855', '15.99', '20.99', '2013-01-09 20:34:46', '2013-01-28 22:34:46', 'complete', '5.00', '0.00', '2013-01-09 20:34:46', '493831732', '700772492', '0.00', null, 'pending', 'balance_due', 'kolby@beerboehm.biz', null), ('216145139', '638820960', 'R144242866', '47.97', '52.97', '2013-01-07 23:34:46', '2013-01-28 22:34:46', 'complete', '5.00', '0.00', '2013-01-07 23:34:46', '452418301', '777841735', '0.00', null, 'pending', 'balance_due', 'elmer@hanecartwright.com', null), ('228571690', '661521543', 'R117088643', '89.95', '94.95', '2013-01-24 14:34:46', '2013-01-28 22:34:46', 'complete', '5.00', '0.00', '2013-01-24 14:34:46', '462093350', '790710942', '0.00', null, 'pending', 'balance_due', 'corine@wunsch.name', null), ('231772182', '323332591', 'R688750876', '54.97', '59.97', '2013-01-27 12:34:46', '2013-01-28 22:34:46', 'complete', '5.00', '0.00', '2013-01-27 12:34:46', '238383541', '340874296', '0.00', null, 'pending', 'balance_due', 'ezra_carroll@haag.info', null), ('239817259', '616230022', 'R862288838', '47.97', '52.97', '2013-01-14 10:34:46', '2013-01-28 22:34:46', 'complete', '5.00', '0.00', '2013-01-14 10:34:46', '408818721', '754295455', '0.00', null, 'pending', 'balance_due', 'maude@fay.name', null), ('264449064', '624071307', 'R664842105', '155.89', '160.89', '2013-01-21 01:34:46', '2013-01-28 22:34:46', 'complete', '5.00', '0.00', '2013-01-21 01:34:46', '433482288', '763223188', '0.00', null, 'pending', 'balance_due', 'eliza_murazik@emard.biz', null), ('265374943', '622916212', 'R564452034', '80.95', '85.95', '2013-01-23 14:34:46', '2013-01-28 22:34:46', 'complete', '5.00', '0.00', '2013-01-23 14:34:46', '432278229', '762297451', '0.00', null, 'pending', 'balance_due', 'giovanna_volkman@hand.name', null), ('296204679', '995493676', 'R560226215', '159.89', '164.89', '2013-01-20 09:34:46', '2013-01-28 22:34:46', 'complete', '5.00', '0.00', '2013-01-20 09:34:46', '129171341', '857295155', '0.00', null, 'pending', 'balance_due', 'gay_heller@keebler.biz', null), ('297130368', '994338771', 'R788541304', '97.94', '102.94', '2013-01-22 12:34:46', '2013-01-28 22:34:46', 'complete', '5.00', '0.00', '2013-01-22 12:34:46', '127967096', '856369612', '0.00', null, 'pending', 'balance_due', 'alfonso_mraz@schuster.org', null), ('308359551', '948998100', 'R558536526', '31.98', '36.98', '2013-01-12 07:34:46', '2013-01-28 22:34:46', 'complete', '5.00', '0.00', '2013-01-12 07:34:46', '74741621', '819970507', '0.00', null, 'pending', 'balance_due', 'barrett_batz@simonis.org', null), ('330565047', '220281934', 'R428581227', '77.96', '82.96', '2013-01-27 18:34:46', '2013-01-28 22:34:46', 'complete', '5.00', '0.00', '2013-01-27 18:34:46', '273802266', '171295127', '0.00', null, 'pending', 'balance_due', 'camryn@roob.net', null), ('335228811', '956993830', 'R267050014', '160.91', '165.91', '2013-01-26 07:34:46', '2013-01-28 22:34:46', 'complete', '5.00', '0.00', '2013-01-26 07:34:46', '99510657', '826662719', '0.00', null, 'pending', 'balance_due', 'clotilde.stracke@haley.info', null), ('345435026', '1046959423', 'R588101447', '157.91', '162.91', '2013-01-25 05:34:46', '2013-01-28 22:34:46', 'complete', '5.00', '0.00', '2013-01-25 05:34:46', '42184090', '908598054', '0.00', null, 'pending', 'balance_due', 'jerrell@volkman.name', null), ('349815214', '172816471', 'R601381546', '109.94', '114.94', '2013-01-26 20:34:46', '2013-01-28 22:34:46', 'complete', '5.00', '0.00', '2013-01-26 20:34:46', '389816337', '223872400', '0.00', null, 'pending', 'balance_due', 'justice_brakus@marvin.info', null), ('368651700', '1057526559', 'R114218230', '63.96', '68.96', '2013-01-05 17:34:46', '2013-01-28 22:34:46', 'complete', '5.00', '0.00', '2013-01-05 17:34:46', '65825724', '927456520', '0.00', null, 'pending', 'balance_due', 'pierce.corwin@hammes.name', null), ('382369184', '1010549555', 'R156622255', '127.91', '132.91', '2013-01-21 01:34:46', '2013-01-28 22:34:46', 'complete', '5.00', '0.00', '2013-01-21 01:34:46', '14629780', '880053548', '0.00', null, 'pending', 'balance_due', 'elisha@kuvalis.biz', null), ('383262055', '1009361868', 'R588726106', '80.95', '85.95', '2013-01-23 05:34:46', '2013-01-28 22:34:46', 'complete', '5.00', '0.00', '2013-01-23 05:34:46', '13458289', '879160787', '0.00', null, 'pending', 'balance_due', 'jerrell_huel@schumm.com', null), ('391144298', '1034018247', 'R153604200', '133.91', '138.91', '2013-01-16 16:34:46', '2013-01-28 22:34:46', 'complete', '5.00', '0.00', '2013-01-16 16:34:46', '21308770', '904827870', '0.00', null, 'pending', 'balance_due', 'aliza.upton@millerhirthe.org', null), ('403830194', '853560069', 'R404663620', '85.94', '90.94', '2013-01-19 09:34:46', '2013-01-28 22:34:46', 'complete', '5.00', '0.00', '2013-01-19 09:34:46', '235189158', '984548634', '0.00', null, 'pending', 'balance_due', 'kory@schuppepfeffer.info', null), ('428600156', '863655417', 'R018328827', '187.87', '192.87', '2013-01-18 23:34:46', '2013-01-28 22:34:46', 'complete', '5.00', '0.00', '2013-01-18 23:34:46', '262057300', '993336300', '0.00', null, 'pending', 'balance_due', 'chadd@bogisich.net', null), ('429493153', '862467340', 'R586848233', '15.99', '20.99', '2013-01-16 11:34:46', '2013-01-28 22:34:46', 'complete', '5.00', '0.00', '2013-01-16 11:34:46', '260885931', '992443161', '0.00', null, 'pending', 'balance_due', 'hillard.beahan@kiehnwisozk.biz', null), ('455255426', '835918637', 'R877635251', '63.96', '68.96', '2013-01-07 10:34:46', '2013-01-28 22:34:46', 'complete', '5.00', '0.00', '2013-01-07 10:34:46', '221766538', '966546746', '0.00', null, 'pending', 'balance_due', 'noemy.fay@leannon.org', null), ('456181117', '834763738', 'R687470054', '31.98', '36.98', '2013-01-08 16:34:46', '2013-01-28 22:34:46', 'complete', '5.00', '0.00', '2013-01-08 16:34:46', '220562291', '965621197', '0.00', null, 'pending', 'balance_due', 'luna.nienow@roobjacobson.net', null), ('465903021', '825533186', 'R643407276', '31.98', '36.98', '2013-01-10 02:34:46', '2013-01-28 22:34:46', 'complete', '5.00', '0.00', '2013-01-10 02:34:46', '231758759', '964422941', '0.00', null, 'pending', 'balance_due', 'rickey@schaden.info', null), ('467107162', '824624125', 'R143474830', '15.99', '20.99', '2013-01-13 03:34:46', '2013-01-28 22:34:46', 'complete', '5.00', '0.00', '2013-01-13 03:34:46', '230832990', '963218914', '0.00', null, 'pending', 'balance_due', 'david@fritsch.info', null), ('474964377', '918478646', 'R357110135', '63.96', '68.96', '2013-01-06 14:34:46', '2013-01-28 22:34:46', 'complete', '5.00', '0.00', '2013-01-06 14:34:46', '173680531', '1056018737', '0.00', null, 'pending', 'balance_due', 'elva@sipesdietrich.net', null), ('475857254', '917290961', 'R316082544', '31.98', '36.98', '2013-01-08 01:34:46', '2013-01-28 22:34:46', 'complete', '5.00', '0.00', '2013-01-08 01:34:46', '172509034', '1055125974', '0.00', null, 'pending', 'balance_due', 'brittany.haag@klocko.info', null), ('480827830', '911828761', 'R366447433', '63.96', '68.96', '2013-01-11 03:34:46', '2013-01-28 22:34:46', 'complete', '5.00', '0.00', '2013-01-11 03:34:46', '180199358', '1041639686', '0.00', null, 'pending', 'balance_due', 'olen.lehner@farrell.biz', null), ('481999185', '910886886', 'R053630046', '47.97', '52.97', '2013-01-14 00:34:46', '2013-01-28 22:34:46', 'complete', '5.00', '0.00', '2013-01-14 00:34:46', '179306311', '1040468473', '0.00', null, 'pending', 'balance_due', 'olga_hills@rowe.org', null), ('488679357', '936450328', 'R775106835', '140.92', '145.92', '2013-01-24 13:34:46', '2013-01-28 22:34:46', 'complete', '5.00', '0.00', '2013-01-24 13:34:46', '188080563', '1067341581', '0.00', null, 'pending', 'balance_due', 'jeremy@nikolausleannon.net', null), ('518401861', '873959920', 'R686434738', '87.94', '92.94', '2013-01-17 20:34:46', '2013-01-28 22:34:46', 'complete', '5.00', '0.00', '2013-01-17 20:34:46', '150169931', '1012457461', '0.00', null, 'pending', 'balance_due', 'alta_keebler@rohan.biz', null), ('519327672', '872804629', 'R116816533', '47.97', '52.97', '2013-01-15 13:34:46', '2013-01-28 22:34:46', 'complete', '5.00', '0.00', '2013-01-15 13:34:46', '148965812', '1011531536', '0.00', null, 'pending', 'balance_due', 'rosa.hoeger@hamill.com', null), ('539762571', '140587364', 'R453437701', '15.99', '20.99', '2013-01-05 10:34:46', '2013-01-28 22:34:46', 'complete', '5.00', '0.00', '2013-01-05 10:34:46', '421966440', '42776516', '0.00', null, 'pending', 'balance_due', 'andres@hermann.name', null), ('542594049', '178711894', 'R744123287', '73.95', '78.95', '2013-01-16 21:34:46', '2013-01-28 22:34:46', 'complete', '5.00', '0.00', '2013-01-16 21:34:46', '910300663', '48866121', '0.00', null, 'pending', 'balance_due', 'efrain@balistreri.name', null), ('567102733', '188543912', 'R030776460', '221.85', '226.85', '2013-01-21 12:34:46', '2013-01-28 22:34:46', 'complete', '5.00', '0.00', '2013-01-21 12:34:46', '936905475', '57916861', '0.00', null, 'pending', 'balance_due', 'jillian@blick.org', null), ('568274416', '187601757', 'R736552168', '98.94', '103.94', '2013-01-23 01:34:46', '2013-01-28 22:34:46', 'complete', '5.00', '0.00', '2013-01-23 01:34:46', '936012796', '56745288', '0.00', null, 'pending', 'balance_due', 'alisa@rice.net', null), ('587078949', '135242632', 'R264848632', '15.99', '20.99', '2013-01-05 17:34:46', '2013-01-28 22:34:46', 'complete', '5.00', '0.00', '2013-01-05 17:34:46', '887839535', '4255125', '0.00', null, 'pending', 'balance_due', 'granville_pfeffer@eichmann.biz', null), ('596761353', '157312430', 'R323768034', '117.93', '122.93', '2013-01-24 22:34:46', '2013-01-28 22:34:46', 'complete', '5.00', '0.00', '2013-01-24 22:34:46', '897883407', '19868593', '0.00', null, 'pending', 'balance_due', 'halie@cartwrightritchie.net', null), ('601813305', '1028376774', 'R254735413', '38.98', '43.98', '2013-01-27 04:34:46', '2013-01-28 22:34:46', 'complete', '5.00', '0.00', '2013-01-27 04:34:46', '540741786', '979318045', '0.00', null, 'pending', 'balance_due', 'blake_bashirian@stroman.biz', null), ('615724322', '975572189', 'R216225543', '109.94', '114.94', '2013-01-28 05:34:46', '2013-01-28 22:34:46', 'complete', '5.00', '0.00', '2013-01-28 05:34:46', '660001923', '1026748676', '0.00', null, 'pending', 'balance_due', 'christina@kiehn.net', null), ('620502818', '235774389', 'R832336152', '122.93', '127.93', '2013-01-26 02:34:46', '2013-01-28 22:34:46', 'complete', '5.00', '0.00', '2013-01-26 02:34:46', '854153494', '105050026', '0.00', null, 'pending', 'balance_due', 'jeff_ledner@mcclure.name', null), ('627442156', '261603145', 'R224630624', '47.97', '52.97', '2013-01-12 00:34:46', '2013-01-28 22:34:46', 'complete', '5.00', '0.00', '2013-01-12 00:34:46', '863193060', '131658076', '0.00', null, 'pending', 'balance_due', 'fritz.hane@vonrueden.org', null), ('648055060', '206649281', 'R285876177', '157.89', '162.89', '2013-01-20 18:34:46', '2013-01-28 22:34:46', 'complete', '5.00', '0.00', '2013-01-20 18:34:46', '817221404', '69106084', '0.00', null, 'pending', 'balance_due', 'aliya@orn.com', null), ('649259497', '205739844', 'R434511483', '114.93', '119.93', '2013-01-22 09:34:46', '2013-01-28 22:34:46', 'complete', '5.00', '0.00', '2013-01-22 09:34:46', '816295907', '67901793', '0.00', null, 'pending', 'balance_due', 'marquis@lemkelemke.biz', null), ('702619608', '51421563', 'R001271438', '133.91', '138.91', '2013-01-17 22:34:46', '2013-01-28 22:34:46', 'complete', '5.00', '0.00', '2013-01-17 22:34:46', '1072978396', '190836580', '0.00', null, 'pending', 'balance_due', 'mariane.lueilwitz@berge.net', null), ('703823663', '50512260', 'R564518852', '15.99', '20.99', '2013-01-15 05:34:46', '2013-01-28 22:34:46', 'complete', '5.00', '0.00', '2013-01-15 05:34:46', '1072052521', '189632411', '0.00', null, 'pending', 'balance_due', 'edgardo@flatleybrown.info', null), ('707237680', '14035331', 'R834734274', '108.94', '113.94', '2013-01-24 03:34:46', '2013-01-28 22:34:46', 'complete', '5.00', '0.00', '2013-01-24 03:34:46', '1009963300', '144271260', '0.00', null, 'pending', 'balance_due', 'rylee.rau@croninbins.info', null), ('726159630', '28962723', 'R706653387', '15.99', '20.99', '2013-01-06 07:34:46', '2013-01-28 22:34:46', 'complete', '5.00', '0.00', '2013-01-06 07:34:46', '1029510922', '167158202', '0.00', null, 'pending', 'balance_due', 'brook.rempel@eichmann.net', null), ('727331319', '28020570', 'R802036431', '31.98', '36.98', '2013-01-08 01:34:46', '2013-01-28 22:34:46', 'complete', '5.00', '0.00', '2013-01-08 01:34:46', '1028618237', '165986627', '0.00', null, 'pending', 'balance_due', 'lenny@mckenzie.org', null), ('732948771', '22960014', 'R248180264', '47.97', '52.97', '2013-01-11 07:34:46', '2013-01-28 22:34:46', 'complete', '5.00', '0.00', '2013-01-11 07:34:46', '1035644717', '152115607', '0.00', null, 'pending', 'balance_due', 'nelson@kris.com', null), ('733841882', '21772151', 'R020030881', '47.97', '52.97', '2013-01-13 17:34:46', '2013-01-28 22:34:46', 'complete', '5.00', '0.00', '2013-01-13 17:34:46', '1034473426', '151222638', '0.00', null, 'pending', 'balance_due', 'maybell_wuckert@spencer.org', null), ('740660503', '114568122', 'R150462832', '47.97', '52.97', '2013-01-07 03:34:46', '2013-01-28 22:34:46', 'complete', '5.00', '0.00', '2013-01-07 03:34:46', '976278305', '245065123', '0.00', null, 'pending', 'balance_due', 'marianne@borer.biz', null), ('741864942', '113658691', 'R245503315', '63.96', '68.96', '2013-01-08 22:34:46', '2013-01-28 22:34:46', 'complete', '5.00', '0.00', '2013-01-08 22:34:46', '975352806', '243860826', '0.00', null, 'pending', 'balance_due', 'oma_ankunding@hahnbartell.net', null), ('750923066', '104043415', 'R652706085', '31.98', '36.98', '2013-01-10 11:34:46', '2013-01-28 22:34:46', 'complete', '5.00', '0.00', '2013-01-10 11:34:46', '987196214', '243064206', '0.00', null, 'pending', 'balance_due', 'rhoda@corkery.info', null), ('751848899', '102888302', 'R761001671', '63.96', '68.96', '2013-01-13 02:34:46', '2013-01-28 22:34:46', 'complete', '5.00', '0.00', '2013-01-13 02:34:46', '985992137', '242138487', '0.00', null, 'pending', 'balance_due', 'granville@dicki.biz', null), ('780983247', '75326820', 'R330761707', '113.92', '118.92', '2013-01-19 06:34:46', '2013-01-28 22:34:46', 'complete', '5.00', '0.00', '2013-01-19 06:34:46', '949591493', '204614523', '0.00', null, 'pending', 'balance_due', 'thurman@beatty.biz', null), ('782154552', '74384795', 'R616528300', '63.96', '68.96', '2013-01-16 09:34:46', '2013-01-28 22:34:46', 'complete', '5.00', '0.00', '2013-01-16 09:34:46', '948698432', '203443076', '0.00', null, 'pending', 'balance_due', 'alexanne.mclaughlin@schoen.com', null), ('790021435', '99056534', 'R521728583', '159.89', '164.89', '2013-01-19 14:34:46', '2013-01-28 22:34:46', 'complete', '5.00', '0.00', '2013-01-19 14:34:46', '956531505', '229127567', '0.00', null, 'pending', 'balance_due', 'felicity@shields.name', null), ('820530800', '437907651', 'R832822020', '159.89', '164.89', '2013-01-17 08:34:46', '2013-01-28 22:34:46', 'complete', '5.00', '0.00', '2013-01-17 08:34:46', '654116968', '307674844', '0.00', null, 'pending', 'balance_due', 'misty@jerde.com', null), ('821702295', '436965436', 'R774113840', '31.98', '36.98', '2013-01-16 03:34:46', '2013-01-28 22:34:46', 'complete', '5.00', '0.00', '2013-01-16 03:34:46', '653224093', '306503203', '0.00', null, 'pending', 'balance_due', 'gretchen_hilll@buckridge.com', null), ('843120822', '414236187', 'R567861012', '47.97', '52.97', '2013-01-06 03:34:46', '2013-01-28 22:34:46', 'complete', '5.00', '0.00', '2013-01-06 03:34:46', '609502910', '285208578', '0.00', null, 'pending', 'balance_due', 'justice@jakubowski.com', null), ('844324943', '413327074', 'R723844116', '15.99', '20.99', '2013-01-08 12:34:46', '2013-01-28 22:34:46', 'complete', '5.00', '0.00', '2013-01-08 12:34:46', '608577097', '284004603', '0.00', null, 'pending', 'balance_due', 'jayda_kuphal@fritsch.com', null), ('849787035', '408356406', 'R763626366', '63.96', '68.96', '2013-01-11 14:34:46', '2013-01-28 22:34:46', 'complete', '5.00', '0.00', '2013-01-11 14:34:46', '615775889', '270026799', '0.00', null, 'pending', 'balance_due', 'lamont_powlowski@schuppelindgren.com', null), ('850712674', '407201487', 'R728003828', '63.96', '68.96', '2013-01-13 06:34:46', '2013-01-28 22:34:46', 'complete', '5.00', '0.00', '2013-01-13 06:34:46', '614571630', '269101270', '0.00', null, 'pending', 'balance_due', 'brionna.jaskolski@morissette.name', null), ('862055596', '771020115', 'R530283011', '93.95', '98.95', '2013-01-26 15:34:46', '2013-01-28 22:34:46', 'complete', '5.00', '0.00', '2013-01-26 15:34:46', '813960457', '719333514', '0.00', null, 'pending', 'balance_due', 'elias@willms.net', null), ('892126383', '534608386', 'R027775176', '31.98', '36.98', '2013-01-06 21:34:46', '2013-01-28 22:34:46', 'complete', '5.00', '0.00', '2013-01-06 21:34:46', '590971557', '395457563', '0.00', null, 'pending', 'balance_due', 'blake.lesch@muller.net', null), ('893297750', '533666555', 'R025006764', '63.96', '68.96', '2013-01-09 00:34:46', '2013-01-28 22:34:46', 'complete', '5.00', '0.00', '2013-01-09 00:34:46', '590078562', '394286306', '0.00', null, 'pending', 'balance_due', 'isabella@hoppebeer.com', null), ('902528130', '523944495', 'R877753155', '15.99', '20.99', '2013-01-10 13:34:46', '2013-01-28 22:34:46', 'complete', '5.00', '0.00', '2013-01-10 13:34:46', '601766538', '393579574', '0.00', null, 'pending', 'balance_due', 'albertha.bauch@schmidt.name', null), ('903421051', '522756822', 'R123248446', '47.97', '52.97', '2013-01-12 20:34:46', '2013-01-28 22:34:46', 'complete', '5.00', '0.00', '2013-01-12 20:34:46', '600595061', '392686799', '0.00', null, 'pending', 'balance_due', 'kelton@renner.biz', null), ('906884218', '486296279', 'R330871632', '48.97', '53.97', '2013-01-22 08:34:46', '2013-01-28 22:34:46', 'complete', '5.00', '0.00', '2013-01-22 08:34:46', '538489458', '347276494', '0.00', null, 'pending', 'balance_due', 'jeanie.goldner@feeneyprosacco.com', null), ('931498615', '494154972', 'R113053666', '119.92', '124.92', '2013-01-18 05:34:46', '2013-01-28 22:34:46', 'complete', '5.00', '0.00', '2013-01-18 05:34:46', '563137665', '356219587', '0.00', null, 'pending', 'balance_due', 'lonnie@christiansen.net', null), ('932702864', '493245475', 'R144444767', '85.94', '90.94', '2013-01-16 16:34:46', '2013-01-28 22:34:46', 'complete', '5.00', '0.00', '2013-01-16 16:34:46', '562211972', '355015228', '0.00', null, 'pending', 'balance_due', 'zoie.toy@bayerzieme.info', null), ('952376497', '305504796', 'R858821332', '117.92', '122.92', '2013-01-21 00:34:46', '2013-01-28 22:34:46', 'complete', '5.00', '0.00', '2013-01-21 00:34:46', '785472187', '444263433', '0.00', null, 'pending', 'balance_due', 'dayton@klein.net', null), ('953580620', '304595689', 'R521313141', '108.94', '113.94', '2013-01-23 16:34:46', '2013-01-28 22:34:46', 'complete', '5.00', '0.00', '2013-01-23 16:34:46', '784546372', '443059452', '0.00', null, 'pending', 'balance_due', 'idell.watsica@kovacek.info', null), ('961307330', '331209749', 'R284200511', '47.97', '52.97', '2013-01-14 18:34:46', '2013-01-28 22:34:46', 'complete', '5.00', '0.00', '2013-01-14 18:34:46', '794371254', '468881930', '0.00', null, 'pending', 'balance_due', 'alysson@kosstremblay.name', null), ('983075517', '275330066', 'R372780178', '52.97', '57.97', '2013-01-24 19:34:46', '2013-01-28 22:34:46', 'complete', '5.00', '0.00', '2013-01-24 19:34:46', '747490487', '405174797', '0.00', null, 'pending', 'balance_due', 'nicolas@monahan.net', null), ('987209861', '608344442', 'R036467414', '109.94', '114.94', '2013-01-27 12:34:46', '2013-01-28 22:34:46', 'complete', '5.00', '0.00', '2013-01-27 12:34:46', '959594786', '592864417', '0.00', null, 'pending', 'balance_due', 'janis.glover@conroy.org', null), ('1004874852', '286560969', 'R565611565', '63.96', '68.96', '2013-01-07 21:34:46', '2013-01-28 22:34:46', 'complete', '5.00', '0.00', '2013-01-07 21:34:46', '770730608', '425450708', '0.00', null, 'pending', 'balance_due', 'franco@fisher.net', null), ('1014837421', '378310152', 'R477352510', '47.97', '52.97', '2013-01-09 10:34:46', '2013-01-28 22:34:46', 'complete', '5.00', '0.00', '2013-01-09 10:34:46', '711489187', '516145181', '0.00', null, 'pending', 'balance_due', 'wiley_kilback@reichert.com', null), ('1035625630', '590306657', 'R267878461', '93.95', '98.95', '2013-01-28 12:34:46', '2013-01-28 22:34:46', 'complete', '5.00', '0.00', '2013-01-28 12:34:46', '1046447419', '607887544', '0.00', null, 'pending', 'balance_due', 'elenora_hilll@thompson.info', null), ('1039486630', '386199561', 'R455072627', '52.97', '57.97', '2013-01-25 17:34:46', '2013-01-28 22:34:46', 'complete', '5.00', '0.00', '2013-01-25 17:34:46', '736102574', '525057558', '0.00', null, 'pending', 'balance_due', 'cedrick@breitenberg.net', null), ('1068095656', '358114821', 'R844221873', '159.89', '164.89', '2013-01-20 01:34:46', '2013-01-28 22:34:46', 'complete', '5.00', '0.00', '2013-01-20 01:34:46', '700227236', '488056864', '0.00', null, 'pending', 'balance_due', 'ashlee.kling@kuhnwiegand.biz', null), ('1069267029', '357172992', 'R178428137', '65.96', '70.96', '2013-01-22 15:34:46', '2013-01-28 22:34:46', 'complete', '5.00', '0.00', '2013-01-22 15:34:46', '699334235', '486885605', '0.00', null, 'pending', 'balance_due', 'ronny_padberg@metz.com', null);
COMMIT;

-- ----------------------------
--  Table structure for `payment_methods`
-- ----------------------------
DROP TABLE IF EXISTS `payment_methods`;
CREATE TABLE `payment_methods` (
  `id` int(11) NOT NULL AUTO_INCREMENT,
  `type` varchar(255) DEFAULT NULL,
  `name` varchar(255) DEFAULT NULL,
  `description` text,
  `active` tinyint(1) DEFAULT '1',
  `environment` varchar(255) DEFAULT 'development',
  `created_at` datetime DEFAULT NULL,
  `updated_at` datetime DEFAULT NULL,
  `deleted_at` datetime DEFAULT NULL,
  `display_on` varchar(255) DEFAULT NULL,
  PRIMARY KEY (`id`)
) ENGINE=InnoDB AUTO_INCREMENT=842616224 DEFAULT CHARSET=utf8;

-- ----------------------------
--  Records of `payment_methods`
-- ----------------------------
BEGIN;
INSERT INTO `payment_methods` VALUES ('193416319', 'Gateway::Bogus', 'Credit Card', 'Bogus payment gateway for development.', '1', 'development', '2013-01-28 22:34:47', '2013-01-28 22:34:47', null, null), ('535962117', 'Gateway::Bogus', 'Credit Card', 'Bogus payment gateway for test.', '1', 'test', '2013-01-28 22:34:47', '2013-01-28 22:34:47', null, null), ('732545999', 'PaymentMethod::Check', 'Check', 'Pay by check.', '1', 'development', '2013-01-28 22:34:47', '2013-01-28 22:34:47', null, null), ('842616223', 'Gateway::Bogus', 'Credit Card', 'Bogus payment gateway for staging.', '1', 'staging', '2013-01-28 22:34:47', '2013-01-28 22:34:47', null, null);
COMMIT;

-- ----------------------------
--  Table structure for `payments`
-- ----------------------------
DROP TABLE IF EXISTS `payments`;
CREATE TABLE `payments` (
  `id` int(11) NOT NULL AUTO_INCREMENT,
  `order_id` int(11) DEFAULT NULL,
  `created_at` datetime DEFAULT NULL,
  `updated_at` datetime DEFAULT NULL,
  `amount` decimal(8,2) NOT NULL DEFAULT '0.00',
  `source_id` int(11) DEFAULT NULL,
  `source_type` varchar(255) DEFAULT NULL,
  `payment_method_id` int(11) DEFAULT NULL,
  `state` varchar(255) DEFAULT NULL,
  `response_code` varchar(255) DEFAULT NULL,
  `avs_response` varchar(255) DEFAULT NULL,
  PRIMARY KEY (`id`)
) ENGINE=InnoDB AUTO_INCREMENT=101 DEFAULT CHARSET=utf8;

-- ----------------------------
--  Records of `payments`
-- ----------------------------
BEGIN;
INSERT INTO `payments` VALUES ('1', '8567520', '2013-01-28 22:34:57', '2013-01-28 22:34:57', '134.91', '2', 'Creditcard', '193416319', 'pending', '12345', null), ('2', '9493021', '2013-01-28 22:34:57', '2013-01-28 22:34:57', '68.96', '3', 'Creditcard', '193416319', 'pending', '12345', null), ('3', '17482993', '2013-01-28 22:34:57', '2013-01-28 22:34:57', '70.96', '4', 'Creditcard', '193416319', 'pending', '12345', null), ('4', '36435006', '2013-01-28 22:34:57', '2013-01-28 22:34:57', '52.97', '5', 'Creditcard', '193416319', 'pending', '12345', null), ('5', '37328065', '2013-01-28 22:34:57', '2013-01-28 22:34:57', '68.96', '6', 'Creditcard', '193416319', 'pending', '12345', null), ('6', '46943257', '2013-01-28 22:34:57', '2013-01-28 22:34:57', '36.98', '7', 'Creditcard', '193416319', 'pending', '12345', null), ('7', '48114926', '2013-01-28 22:34:58', '2013-01-28 22:34:58', '52.97', '8', 'Creditcard', '193416319', 'pending', '12345', null), ('8', '73849921', '2013-01-28 22:34:58', '2013-01-28 22:34:58', '59.97', '9', 'Creditcard', '193416319', 'pending', '12345', null), ('9', '88485925', '2013-01-28 22:34:58', '2013-01-28 22:34:58', '52.97', '10', 'Creditcard', '193416319', 'pending', '12345', null), ('10', '89411802', '2013-01-28 22:34:58', '2013-01-28 22:34:58', '20.99', '11', 'Creditcard', '193416319', 'pending', '12345', null), ('11', '94472210', '2013-01-28 22:34:58', '2013-01-28 22:34:58', '52.97', '12', 'Creditcard', '193416319', 'pending', '12345', null), ('12', '95676661', '2013-01-28 22:34:58', '2013-01-28 22:34:58', '52.97', '13', 'Creditcard', '193416319', 'pending', '12345', null), ('13', '133136121', '2013-01-28 22:34:59', '2013-01-28 22:34:59', '78.95', '14', 'Creditcard', '193416319', 'pending', '12345', null), ('14', '134028804', '2013-01-28 22:34:59', '2013-01-28 22:34:59', '20.99', '15', 'Creditcard', '193416319', 'pending', '12345', null), ('15', '145680447', '2013-01-28 22:34:59', '2013-01-28 22:34:59', '194.87', '16', 'Creditcard', '193416319', 'pending', '12345', null), ('16', '146573512', '2013-01-28 22:34:59', '2013-01-28 22:34:59', '53.97', '17', 'Creditcard', '193416319', 'pending', '12345', null), ('17', '183664179', '2013-01-28 22:34:59', '2013-01-28 22:34:59', '179.90', '18', 'Creditcard', '193416319', 'pending', '12345', null), ('18', '192544832', '2013-01-28 22:34:59', '2013-01-28 22:34:59', '20.99', '19', 'Creditcard', '193416319', 'pending', '12345', null), ('19', '216145139', '2013-01-28 22:35:00', '2013-01-28 22:35:00', '52.97', '20', 'Creditcard', '193416319', 'pending', '12345', null), ('20', '228571690', '2013-01-28 22:35:00', '2013-01-28 22:35:00', '94.95', '21', 'Creditcard', '193416319', 'pending', '12345', null), ('21', '231772182', '2013-01-28 22:35:00', '2013-01-28 22:35:00', '59.97', '22', 'Creditcard', '193416319', 'pending', '12345', null), ('22', '239817259', '2013-01-28 22:35:00', '2013-01-28 22:35:00', '52.97', '23', 'Creditcard', '193416319', 'pending', '12345', null), ('23', '264449064', '2013-01-28 22:35:00', '2013-01-28 22:35:00', '160.89', '24', 'Creditcard', '193416319', 'pending', '12345', null), ('24', '265374943', '2013-01-28 22:35:00', '2013-01-28 22:35:00', '85.95', '25', 'Creditcard', '193416319', 'pending', '12345', null), ('25', '296204679', '2013-01-28 22:35:00', '2013-01-28 22:35:00', '164.89', '26', 'Creditcard', '193416319', 'pending', '12345', null), ('26', '297130368', '2013-01-28 22:35:01', '2013-01-28 22:35:01', '102.94', '27', 'Creditcard', '193416319', 'pending', '12345', null), ('27', '308359551', '2013-01-28 22:35:01', '2013-01-28 22:35:01', '36.98', '28', 'Creditcard', '193416319', 'pending', '12345', null), ('28', '330565047', '2013-01-28 22:35:01', '2013-01-28 22:35:01', '82.96', '29', 'Creditcard', '193416319', 'pending', '12345', null), ('29', '335228811', '2013-01-28 22:35:01', '2013-01-28 22:35:01', '165.91', '30', 'Creditcard', '193416319', 'pending', '12345', null), ('30', '345435026', '2013-01-28 22:35:01', '2013-01-28 22:35:01', '162.91', '31', 'Creditcard', '193416319', 'pending', '12345', null), ('31', '349815214', '2013-01-28 22:35:01', '2013-01-28 22:35:01', '114.94', '32', 'Creditcard', '193416319', 'pending', '12345', null), ('32', '368651700', '2013-01-28 22:35:01', '2013-01-28 22:35:01', '68.96', '33', 'Creditcard', '193416319', 'pending', '12345', null), ('33', '382369184', '2013-01-28 22:35:02', '2013-01-28 22:35:02', '132.91', '34', 'Creditcard', '193416319', 'pending', '12345', null), ('34', '383262055', '2013-01-28 22:35:02', '2013-01-28 22:35:02', '85.95', '35', 'Creditcard', '193416319', 'pending', '12345', null), ('35', '391144298', '2013-01-28 22:35:02', '2013-01-28 22:35:02', '138.91', '36', 'Creditcard', '193416319', 'pending', '12345', null), ('36', '403830194', '2013-01-28 22:35:02', '2013-01-28 22:35:02', '90.94', '37', 'Creditcard', '193416319', 'pending', '12345', null), ('37', '428600156', '2013-01-28 22:35:02', '2013-01-28 22:35:02', '192.87', '38', 'Creditcard', '193416319', 'pending', '12345', null), ('38', '429493153', '2013-01-28 22:35:02', '2013-01-28 22:35:02', '20.99', '39', 'Creditcard', '193416319', 'pending', '12345', null), ('39', '455255426', '2013-01-28 22:35:03', '2013-01-28 22:35:03', '68.96', '40', 'Creditcard', '193416319', 'pending', '12345', null), ('40', '456181117', '2013-01-28 22:35:03', '2013-01-28 22:35:03', '36.98', '41', 'Creditcard', '193416319', 'pending', '12345', null), ('41', '465903021', '2013-01-28 22:35:03', '2013-01-28 22:35:03', '36.98', '42', 'Creditcard', '193416319', 'pending', '12345', null), ('42', '467107162', '2013-01-28 22:35:03', '2013-01-28 22:35:03', '20.99', '43', 'Creditcard', '193416319', 'pending', '12345', null), ('43', '474964377', '2013-01-28 22:35:03', '2013-01-28 22:35:03', '68.96', '44', 'Creditcard', '193416319', 'pending', '12345', null), ('44', '475857254', '2013-01-28 22:35:03', '2013-01-28 22:35:03', '36.98', '45', 'Creditcard', '193416319', 'pending', '12345', null), ('45', '480827830', '2013-01-28 22:35:04', '2013-01-28 22:35:04', '68.96', '46', 'Creditcard', '193416319', 'pending', '12345', null), ('46', '481999185', '2013-01-28 22:35:04', '2013-01-28 22:35:04', '52.97', '47', 'Creditcard', '193416319', 'pending', '12345', null), ('47', '488679357', '2013-01-28 22:35:04', '2013-01-28 22:35:04', '145.92', '48', 'Creditcard', '193416319', 'pending', '12345', null), ('48', '518401861', '2013-01-28 22:35:04', '2013-01-28 22:35:04', '92.94', '49', 'Creditcard', '193416319', 'pending', '12345', null), ('49', '519327672', '2013-01-28 22:35:04', '2013-01-28 22:35:04', '52.97', '50', 'Creditcard', '193416319', 'pending', '12345', null), ('50', '539762571', '2013-01-28 22:35:04', '2013-01-28 22:35:04', '20.99', '51', 'Creditcard', '193416319', 'pending', '12345', null), ('51', '542594049', '2013-01-28 22:35:04', '2013-01-28 22:35:04', '78.95', '52', 'Creditcard', '193416319', 'pending', '12345', null), ('52', '567102733', '2013-01-28 22:35:05', '2013-01-28 22:35:05', '226.85', '53', 'Creditcard', '193416319', 'pending', '12345', null), ('53', '568274416', '2013-01-28 22:35:05', '2013-01-28 22:35:05', '103.94', '54', 'Creditcard', '193416319', 'pending', '12345', null), ('54', '587078949', '2013-01-28 22:35:05', '2013-01-28 22:35:05', '20.99', '55', 'Creditcard', '193416319', 'pending', '12345', null), ('55', '596761353', '2013-01-28 22:35:05', '2013-01-28 22:35:05', '122.93', '56', 'Creditcard', '193416319', 'pending', '12345', null), ('56', '601813305', '2013-01-28 22:35:05', '2013-01-28 22:35:05', '43.98', '57', 'Creditcard', '193416319', 'pending', '12345', null), ('57', '615724322', '2013-01-28 22:35:05', '2013-01-28 22:35:05', '114.94', '58', 'Creditcard', '193416319', 'pending', '12345', null), ('58', '620502818', '2013-01-28 22:35:05', '2013-01-28 22:35:05', '127.93', '59', 'Creditcard', '193416319', 'pending', '12345', null), ('59', '627442156', '2013-01-28 22:35:06', '2013-01-28 22:35:06', '52.97', '60', 'Creditcard', '193416319', 'pending', '12345', null), ('60', '648055060', '2013-01-28 22:35:06', '2013-01-28 22:35:06', '162.89', '61', 'Creditcard', '193416319', 'pending', '12345', null), ('61', '649259497', '2013-01-28 22:35:06', '2013-01-28 22:35:06', '119.93', '62', 'Creditcard', '193416319', 'pending', '12345', null), ('62', '702619608', '2013-01-28 22:35:06', '2013-01-28 22:35:06', '138.91', '63', 'Creditcard', '193416319', 'pending', '12345', null), ('63', '703823663', '2013-01-28 22:35:06', '2013-01-28 22:35:06', '20.99', '64', 'Creditcard', '193416319', 'pending', '12345', null), ('64', '707237680', '2013-01-28 22:35:07', '2013-01-28 22:35:07', '113.94', '65', 'Creditcard', '193416319', 'pending', '12345', null), ('65', '726159630', '2013-01-28 22:35:07', '2013-01-28 22:35:07', '20.99', '66', 'Creditcard', '193416319', 'pending', '12345', null), ('66', '727331319', '2013-01-28 22:35:07', '2013-01-28 22:35:07', '36.98', '67', 'Creditcard', '193416319', 'pending', '12345', null), ('67', '732948771', '2013-01-28 22:35:07', '2013-01-28 22:35:07', '52.97', '68', 'Creditcard', '193416319', 'pending', '12345', null), ('68', '733841882', '2013-01-28 22:35:07', '2013-01-28 22:35:07', '52.97', '69', 'Creditcard', '193416319', 'pending', '12345', null), ('69', '740660503', '2013-01-28 22:35:07', '2013-01-28 22:35:07', '52.97', '70', 'Creditcard', '193416319', 'pending', '12345', null), ('70', '741864942', '2013-01-28 22:35:07', '2013-01-28 22:35:07', '68.96', '71', 'Creditcard', '193416319', 'pending', '12345', null), ('71', '750923066', '2013-01-28 22:35:08', '2013-01-28 22:35:08', '36.98', '72', 'Creditcard', '193416319', 'pending', '12345', null), ('72', '751848899', '2013-01-28 22:35:08', '2013-01-28 22:35:08', '68.96', '73', 'Creditcard', '193416319', 'pending', '12345', null), ('73', '780983247', '2013-01-28 22:35:08', '2013-01-28 22:35:08', '118.92', '74', 'Creditcard', '193416319', 'pending', '12345', null), ('74', '782154552', '2013-01-28 22:35:08', '2013-01-28 22:35:08', '68.96', '75', 'Creditcard', '193416319', 'pending', '12345', null), ('75', '790021435', '2013-01-28 22:35:08', '2013-01-28 22:35:08', '164.89', '76', 'Creditcard', '193416319', 'pending', '12345', null), ('76', '820530800', '2013-01-28 22:35:08', '2013-01-28 22:35:08', '164.89', '77', 'Creditcard', '193416319', 'pending', '12345', null), ('77', '821702295', '2013-01-28 22:35:08', '2013-01-28 22:35:08', '36.98', '78', 'Creditcard', '193416319', 'pending', '12345', null), ('78', '843120822', '2013-01-28 22:35:09', '2013-01-28 22:35:09', '52.97', '79', 'Creditcard', '193416319', 'pending', '12345', null), ('79', '844324943', '2013-01-28 22:35:09', '2013-01-28 22:35:09', '20.99', '80', 'Creditcard', '193416319', 'pending', '12345', null), ('80', '849787035', '2013-01-28 22:35:09', '2013-01-28 22:35:09', '68.96', '81', 'Creditcard', '193416319', 'pending', '12345', null), ('81', '850712674', '2013-01-28 22:35:09', '2013-01-28 22:35:09', '68.96', '82', 'Creditcard', '193416319', 'pending', '12345', null), ('82', '862055596', '2013-01-28 22:35:09', '2013-01-28 22:35:09', '98.95', '83', 'Creditcard', '193416319', 'pending', '12345', null), ('83', '892126383', '2013-01-28 22:35:09', '2013-01-28 22:35:09', '36.98', '84', 'Creditcard', '193416319', 'pending', '12345', null), ('84', '893297750', '2013-01-28 22:35:09', '2013-01-28 22:35:09', '68.96', '85', 'Creditcard', '193416319', 'pending', '12345', null), ('85', '902528130', '2013-01-28 22:35:09', '2013-01-28 22:35:09', '20.99', '86', 'Creditcard', '193416319', 'pending', '12345', null), ('86', '903421051', '2013-01-28 22:35:10', '2013-01-28 22:35:10', '52.97', '87', 'Creditcard', '193416319', 'pending', '12345', null), ('87', '906884218', '2013-01-28 22:35:10', '2013-01-28 22:35:10', '53.97', '88', 'Creditcard', '193416319', 'pending', '12345', null), ('88', '931498615', '2013-01-28 22:35:10', '2013-01-28 22:35:10', '124.92', '89', 'Creditcard', '193416319', 'pending', '12345', null), ('89', '932702864', '2013-01-28 22:35:10', '2013-01-28 22:35:10', '90.94', '90', 'Creditcard', '193416319', 'pending', '12345', null), ('90', '952376497', '2013-01-28 22:35:10', '2013-01-28 22:35:10', '122.92', '91', 'Creditcard', '193416319', 'pending', '12345', null), ('91', '953580620', '2013-01-28 22:35:10', '2013-01-28 22:35:10', '113.94', '92', 'Creditcard', '193416319', 'pending', '12345', null), ('92', '961307330', '2013-01-28 22:35:10', '2013-01-28 22:35:10', '52.97', '93', 'Creditcard', '193416319', 'pending', '12345', null), ('93', '983075517', '2013-01-28 22:35:10', '2013-01-28 22:35:10', '57.97', '94', 'Creditcard', '193416319', 'pending', '12345', null), ('94', '987209861', '2013-01-28 22:35:11', '2013-01-28 22:35:11', '114.94', '95', 'Creditcard', '193416319', 'pending', '12345', null), ('95', '1004874852', '2013-01-28 22:35:11', '2013-01-28 22:35:11', '68.96', '96', 'Creditcard', '193416319', 'pending', '12345', null), ('96', '1014837421', '2013-01-28 22:35:11', '2013-01-28 22:35:11', '52.97', '97', 'Creditcard', '193416319', 'pending', '12345', null), ('97', '1035625630', '2013-01-28 22:35:11', '2013-01-28 22:35:11', '98.95', '98', 'Creditcard', '193416319', 'pending', '12345', null), ('98', '1039486630', '2013-01-28 22:35:11', '2013-01-28 22:35:11', '57.97', '99', 'Creditcard', '193416319', 'pending', '12345', null), ('99', '1068095656', '2013-01-28 22:35:11', '2013-01-28 22:35:11', '164.89', '100', 'Creditcard', '193416319', 'pending', '12345', null), ('100', '1069267029', '2013-01-28 22:35:11', '2013-01-28 22:35:11', '70.96', '101', 'Creditcard', '193416319', 'pending', '12345', null);
COMMIT;

-- ----------------------------
--  Table structure for `preferences`
-- ----------------------------
DROP TABLE IF EXISTS `preferences`;
CREATE TABLE `preferences` (
  `id` int(11) NOT NULL AUTO_INCREMENT,
  `name` varchar(100) NOT NULL,
  `owner_id` int(11) NOT NULL,
  `owner_type` varchar(50) NOT NULL,
  `group_id` int(11) DEFAULT NULL,
  `group_type` varchar(50) DEFAULT NULL,
  `value` text,
  `created_at` datetime DEFAULT NULL,
  `updated_at` datetime DEFAULT NULL,
  PRIMARY KEY (`id`),
  UNIQUE KEY `ix_prefs_on_owner_attr_pref` (`owner_id`,`owner_type`,`name`,`group_id`,`group_type`)
) ENGINE=InnoDB AUTO_INCREMENT=243735673 DEFAULT CHARSET=utf8;

-- ----------------------------
--  Records of `preferences`
-- ----------------------------
BEGIN;
INSERT INTO `preferences` VALUES ('59769363', 'amount', '491052212', 'Calculator', null, null, '5', '2013-01-28 22:34:47', '2013-01-28 22:34:47'), ('87531454', 'amount', '192811543', 'Calculator', null, null, '10', '2013-01-28 22:34:47', '2013-01-28 22:34:47'), ('174063089', 'amount', '574015644', 'Calculator', null, null, '5', '2013-01-28 22:34:47', '2013-01-28 22:34:47'), ('243735672', 'amount', '13537749', 'Calculator', null, null, '15', '2013-01-28 22:34:47', '2013-01-28 22:34:47');
COMMIT;

-- ----------------------------
--  Table structure for `product_groups`
-- ----------------------------
DROP TABLE IF EXISTS `product_groups`;
CREATE TABLE `product_groups` (
  `id` int(11) NOT NULL AUTO_INCREMENT,
  `name` varchar(255) DEFAULT NULL,
  `permalink` varchar(255) DEFAULT NULL,
  `order` varchar(255) DEFAULT NULL,
  PRIMARY KEY (`id`),
  KEY `index_product_groups_on_name` (`name`),
  KEY `index_product_groups_on_permalink` (`permalink`)
) ENGINE=InnoDB AUTO_INCREMENT=1071416406 DEFAULT CHARSET=utf8;

-- ----------------------------
--  Records of `product_groups`
-- ----------------------------
BEGIN;
INSERT INTO `product_groups` VALUES ('651548145', 'Promotions for the Apache', 'promotions-for-the-apache', null), ('1071416405', 'most popular rails items', 'most-popular-rails-items', null);
COMMIT;

-- ----------------------------
--  Table structure for `product_groups_products`
-- ----------------------------
DROP TABLE IF EXISTS `product_groups_products`;
CREATE TABLE `product_groups_products` (
  `product_id` int(11) DEFAULT NULL,
  `product_group_id` int(11) DEFAULT NULL
) ENGINE=InnoDB DEFAULT CHARSET=utf8;

-- ----------------------------
--  Table structure for `product_option_types`
-- ----------------------------
DROP TABLE IF EXISTS `product_option_types`;
CREATE TABLE `product_option_types` (
  `id` int(11) NOT NULL AUTO_INCREMENT,
  `product_id` int(11) DEFAULT NULL,
  `option_type_id` int(11) DEFAULT NULL,
  `position` int(11) DEFAULT NULL,
  `created_at` datetime DEFAULT NULL,
  `updated_at` datetime DEFAULT NULL,
  PRIMARY KEY (`id`)
) ENGINE=InnoDB AUTO_INCREMENT=856797680 DEFAULT CHARSET=utf8;

-- ----------------------------
--  Records of `product_option_types`
-- ----------------------------
BEGIN;
INSERT INTO `product_option_types` VALUES ('365858815', '1025786064', '643188970', '2', '2013-01-28 22:34:47', '2013-01-28 22:34:47'), ('856797679', '1025786064', '935339117', '1', '2013-01-28 22:34:47', '2013-01-28 22:34:47');
COMMIT;

-- ----------------------------
--  Table structure for `product_properties`
-- ----------------------------
DROP TABLE IF EXISTS `product_properties`;
CREATE TABLE `product_properties` (
  `id` int(11) NOT NULL AUTO_INCREMENT,
  `product_id` int(11) DEFAULT NULL,
  `property_id` int(11) DEFAULT NULL,
  `value` varchar(255) DEFAULT NULL,
  `created_at` datetime DEFAULT NULL,
  `updated_at` datetime DEFAULT NULL,
  PRIMARY KEY (`id`),
  KEY `index_product_properties_on_product_id` (`product_id`)
) ENGINE=InnoDB AUTO_INCREMENT=1067875250 DEFAULT CHARSET=utf8;

-- ----------------------------
--  Records of `product_properties`
-- ----------------------------
BEGIN;
INSERT INTO `product_properties` VALUES ('35541550', '187438981', '209471856', '100% Vellum', '2013-01-28 22:34:47', '2013-01-28 22:34:47'), ('94685118', '187438981', '39476074', 'TL9002', '2013-01-28 22:34:47', '2013-01-28 22:34:47'), ('172457766', '1060500592', '730553315', 'Women\'s', '2013-01-28 22:34:47', '2013-01-28 22:34:47'), ('183653538', '1025786064', '905834902', 'Baseball Jersey', '2013-01-28 22:34:47', '2013-01-28 22:34:47'), ('198421197', '1060500592', '560029305', 'Jerseys', '2013-01-28 22:34:47', '2013-01-28 22:34:47'), ('243202933', '723959550', '901906169', '600 Denier Polyester', '2013-01-28 22:34:47', '2013-01-28 22:34:47'), ('316341113', '1025786064', '560029305', 'Wilson', '2013-01-28 22:34:47', '2013-01-28 22:34:47'), ('323890842', '1025786064', '730553315', 'Men\'s', '2013-01-28 22:34:47', '2013-01-28 22:34:47'), ('335217946', '1060500592', '905834902', 'Jr Spaghetti T', '2013-01-28 22:34:47', '2013-01-28 22:34:47'), ('393718481', '459084718', '901906169', 'Canvas', '2013-01-28 22:34:47', '2013-01-28 22:34:47'), ('474718531', '187438981', '305002717', 'short', '2013-01-28 22:34:47', '2013-01-28 22:34:47'), ('492240860', '187438981', '161337574', 'Conditioned', '2013-01-28 22:34:47', '2013-01-28 22:34:47'), ('520201478', '187438981', '793908548', 'loose', '2013-01-28 22:34:47', '2013-01-28 22:34:47'), ('620508557', '187438981', '905834902', 'Ringer T', '2013-01-28 22:34:47', '2013-01-28 22:34:47'), ('646472421', '248786582', '704092869', '4.5\" tall, 3.25\" dia.', '2013-01-28 22:34:47', '2013-01-28 22:34:47'), ('649013781', '459084718', '591802549', '15\" x 18\" x 6\"', '2013-01-28 22:34:47', '2013-01-28 22:34:47'), ('671520151', '1060500592', '793908548', 'form', '2013-01-28 22:34:47', '2013-01-28 22:34:47'), ('710004557', '1060500592', '161337574', 'Resilance', '2013-01-28 22:34:47', '2013-01-28 22:34:47'), ('726438360', '1060500592', '305002717', 'none', '2013-01-28 22:34:47', '2013-01-28 22:34:47'), ('732604053', '1025786064', '39476074', 'JK1002', '2013-01-28 22:34:47', '2013-01-28 22:34:47'), ('739259141', '1025786064', '209471856', '100% Cotton', '2013-01-28 22:34:47', '2013-01-28 22:34:47'), ('769225731', '1035865702', '317319559', 'Stein', '2013-01-28 22:34:47', '2013-01-28 22:34:47'), ('771636467', '723959550', '408437751', 'Messenger', '2013-01-28 22:34:47', '2013-01-28 22:34:47'), ('823116847', '1025786064', '793908548', 'loose', '2013-01-28 22:34:47', '2013-01-28 22:34:47'), ('843432044', '1025786064', '305002717', 'long', '2013-01-28 22:34:47', '2013-01-28 22:34:47'), ('849606441', '1060500592', '39476074', 'TL174', '2013-01-28 22:34:47', '2013-01-28 22:34:47'), ('861445881', '1025786064', '161337574', 'Wannabe Sports', '2013-01-28 22:34:47', '2013-01-28 22:34:47'), ('886056379', '248786582', '317319559', 'Mug', '2013-01-28 22:34:47', '2013-01-28 22:34:47'), ('888630603', '459084718', '408437751', 'Tote', '2013-01-28 22:34:47', '2013-01-28 22:34:47'), ('890856121', '1060500592', '209471856', '90% Cotton, 10% Nylon', '2013-01-28 22:34:47', '2013-01-28 22:34:47'), ('1020566108', '187438981', '560029305', 'Jerseys', '2013-01-28 22:34:47', '2013-01-28 22:34:47'), ('1027624887', '187438981', '730553315', 'Men\'s', '2013-01-28 22:34:47', '2013-01-28 22:34:47'), ('1065431905', '1035865702', '704092869', '6.75\" tall, 3.75\" dia. base, 3\" dia. rim', '2013-01-28 22:34:47', '2013-01-28 22:34:47'), ('1067875249', '723959550', '591802549', '14 1/2\" x 12\" x 5\"', '2013-01-28 22:34:47', '2013-01-28 22:34:47');
COMMIT;

-- ----------------------------
--  Table structure for `product_scopes`
-- ----------------------------
DROP TABLE IF EXISTS `product_scopes`;
CREATE TABLE `product_scopes` (
  `id` int(11) NOT NULL AUTO_INCREMENT,
  `product_group_id` int(11) DEFAULT NULL,
  `name` varchar(255) DEFAULT NULL,
  `arguments` text,
  PRIMARY KEY (`id`),
  KEY `index_product_scopes_on_name` (`name`),
  KEY `index_product_scopes_on_product_group_id` (`product_group_id`)
) ENGINE=InnoDB AUTO_INCREMENT=1020499699 DEFAULT CHARSET=utf8;

-- ----------------------------
--  Records of `product_scopes`
-- ----------------------------
BEGIN;
INSERT INTO `product_scopes` VALUES ('198485605', '651548145', 'descend_by_popularity', '--- []\n\n'), ('460045304', '651548145', 'master_price_lte', '---\n- \"20\"\n'), ('471080728', '1071416405', 'descend_by_popularity', '--- []\n\n'), ('745311077', '651548145', 'in_name_or_keywords', '---\n- Apache\n'), ('1020499698', '1071416405', 'in_name', '---\n- Rails\n');
COMMIT;

-- ----------------------------
--  Table structure for `products`
-- ----------------------------
DROP TABLE IF EXISTS `products`;
CREATE TABLE `products` (
  `id` int(11) NOT NULL AUTO_INCREMENT,
  `name` varchar(255) NOT NULL DEFAULT '',
  `description` text,
  `created_at` datetime DEFAULT NULL,
  `updated_at` datetime DEFAULT NULL,
  `permalink` varchar(255) DEFAULT NULL,
  `available_on` datetime DEFAULT NULL,
  `tax_category_id` int(11) DEFAULT NULL,
  `shipping_category_id` int(11) DEFAULT NULL,
  `deleted_at` datetime DEFAULT NULL,
  `meta_description` varchar(255) DEFAULT NULL,
  `meta_keywords` varchar(255) DEFAULT NULL,
  `count_on_hand` int(11) NOT NULL DEFAULT '0',
  PRIMARY KEY (`id`),
  KEY `index_products_on_available_on` (`available_on`),
  KEY `index_products_on_deleted_at` (`deleted_at`),
  KEY `index_products_on_name` (`name`),
  KEY `index_products_on_permalink` (`permalink`)
) ENGINE=InnoDB AUTO_INCREMENT=1060500593 DEFAULT CHARSET=utf8;

-- ----------------------------
--  Records of `products`
-- ----------------------------
BEGIN;
INSERT INTO `products` VALUES ('187438981', 'Ruby on Rails Ringer T-Shirt', 'Lorem ipsum dolor sit amet, consectetuer adipiscing elit. Nulla nonummy aliquet mi. Proin lacus. Ut placerat. Proin consequat, justo sit amet tempus consequat, elit est adipiscing odio, ut egestas pede eros in diam. Proin varius, lacus vitae suscipit varius, ipsum eros convallis nisi, sit amet sodales lectus pede non est. Duis augue. Suspendisse hendrerit pharetra metus. Pellentesque habitant morbi tristique senectus et netus et malesuada fames ac turpis egestas. Curabitur nec pede. Quisque volutpat, neque ac porttitor sodales, sem lacus rutrum nulla, ullamcorper placerat ante tortor ac odio. Suspendisse vel libero. Nullam volutpat magna vel ligula. Suspendisse sit amet metus. Nunc quis massa. Nulla facilisi. In enim. In venenatis nisi id eros. Lorem ipsum dolor sit amet, consectetuer adipiscing elit. Nunc sit amet felis sed lectus tincidunt egestas. Mauris nibh.', '2013-01-28 22:34:47', '2013-01-28 22:34:47', 'ruby-on-rails-ringer-t-shirt', '2013-01-28 22:34:47', null, null, null, null, null, '75'), ('248786582', 'Ruby on Rails Mug', 'Lorem ipsum dolor sit amet, consectetuer adipiscing elit. Nulla nonummy aliquet mi. Proin lacus. Ut placerat. Proin consequat, justo sit amet tempus consequat, elit est adipiscing odio, ut egestas pede eros in diam. Proin varius, lacus vitae suscipit varius, ipsum eros convallis nisi, sit amet sodales lectus pede non est. Duis augue. Suspendisse hendrerit pharetra metus. Pellentesque habitant morbi tristique senectus et netus et malesuada fames ac turpis egestas. Curabitur nec pede. Quisque volutpat, neque ac porttitor sodales, sem lacus rutrum nulla, ullamcorper placerat ante tortor ac odio. Suspendisse vel libero. Nullam volutpat magna vel ligula. Suspendisse sit amet metus. Nunc quis massa. Nulla facilisi. In enim. In venenatis nisi id eros. Lorem ipsum dolor sit amet, consectetuer adipiscing elit. Nunc sit amet felis sed lectus tincidunt egestas. Mauris nibh.', '2013-01-28 22:34:47', '2013-01-28 22:34:47', 'ruby-on-rails-mug', '2013-01-28 22:34:47', null, null, null, null, null, '75'), ('459084718', 'Ruby on Rails Tote', 'Lorem ipsum dolor sit amet, consectetuer adipiscing elit. Nulla nonummy aliquet mi. Proin lacus. Ut placerat. Proin consequat, justo sit amet tempus consequat, elit est adipiscing odio, ut egestas pede eros in diam. Proin varius, lacus vitae suscipit varius, ipsum eros convallis nisi, sit amet sodales lectus pede non est. Duis augue. Suspendisse hendrerit pharetra metus. Pellentesque habitant morbi tristique senectus et netus et malesuada fames ac turpis egestas. Curabitur nec pede. Quisque volutpat, neque ac porttitor sodales, sem lacus rutrum nulla, ullamcorper placerat ante tortor ac odio. Suspendisse vel libero. Nullam volutpat magna vel ligula. Suspendisse sit amet metus. Nunc quis massa. Nulla facilisi. In enim. In venenatis nisi id eros. Lorem ipsum dolor sit amet, consectetuer adipiscing elit. Nunc sit amet felis sed lectus tincidunt egestas. Mauris nibh.', '2013-01-28 22:34:47', '2013-01-28 22:34:47', 'ruby-on-rails-tote', '2013-01-28 22:34:47', null, null, null, null, null, '45'), ('569012001', 'Ruby Baseball Jersey', 'Lorem ipsum dolor sit amet, consectetuer adipiscing elit. Nulla nonummy aliquet mi. Proin lacus. Ut placerat. Proin consequat, justo sit amet tempus consequat, elit est adipiscing odio, ut egestas pede eros in diam. Proin varius, lacus vitae suscipit varius, ipsum eros convallis nisi, sit amet sodales lectus pede non est. Duis augue. Suspendisse hendrerit pharetra metus. Pellentesque habitant morbi tristique senectus et netus et malesuada fames ac turpis egestas. Curabitur nec pede. Quisque volutpat, neque ac porttitor sodales, sem lacus rutrum nulla, ullamcorper placerat ante tortor ac odio. Suspendisse vel libero. Nullam volutpat magna vel ligula. Suspendisse sit amet metus. Nunc quis massa. Nulla facilisi. In enim. In venenatis nisi id eros. Lorem ipsum dolor sit amet, consectetuer adipiscing elit. Nunc sit amet felis sed lectus tincidunt egestas. Mauris nibh.', '2013-01-28 22:34:47', '2013-01-28 22:34:47', 'ruby-baseball-jersey', '2013-01-28 22:34:47', null, null, null, null, null, '75'), ('706676762', 'Apache Baseball Jersey', 'Lorem ipsum dolor sit amet, consectetuer adipiscing elit. Nulla nonummy aliquet mi. Proin lacus. Ut placerat. Proin consequat, justo sit amet tempus consequat, elit est adipiscing odio, ut egestas pede eros in diam. Proin varius, lacus vitae suscipit varius, ipsum eros convallis nisi, sit amet sodales lectus pede non est. Duis augue. Suspendisse hendrerit pharetra metus. Pellentesque habitant morbi tristique senectus et netus et malesuada fames ac turpis egestas. Curabitur nec pede. Quisque volutpat, neque ac porttitor sodales, sem lacus rutrum nulla, ullamcorper placerat ante tortor ac odio. Suspendisse vel libero. Nullam volutpat magna vel ligula. Suspendisse sit amet metus. Nunc quis massa. Nulla facilisi. In enim. In venenatis nisi id eros. Lorem ipsum dolor sit amet, consectetuer adipiscing elit. Nunc sit amet felis sed lectus tincidunt egestas. Mauris nibh.', '2013-01-28 22:34:47', '2013-01-28 22:34:47', 'apache-baseball-jersey', '2013-01-28 22:34:47', null, null, null, null, null, '0'), ('723959550', 'Ruby on Rails Bag', 'Lorem ipsum dolor sit amet, consectetuer adipiscing elit. Nulla nonummy aliquet mi. Proin lacus. Ut placerat. Proin consequat, justo sit amet tempus consequat, elit est adipiscing odio, ut egestas pede eros in diam. Proin varius, lacus vitae suscipit varius, ipsum eros convallis nisi, sit amet sodales lectus pede non est. Duis augue. Suspendisse hendrerit pharetra metus. Pellentesque habitant morbi tristique senectus et netus et malesuada fames ac turpis egestas. Curabitur nec pede. Quisque volutpat, neque ac porttitor sodales, sem lacus rutrum nulla, ullamcorper placerat ante tortor ac odio. Suspendisse vel libero. Nullam volutpat magna vel ligula. Suspendisse sit amet metus. Nunc quis massa. Nulla facilisi. In enim. In venenatis nisi id eros. Lorem ipsum dolor sit amet, consectetuer adipiscing elit. Nunc sit amet felis sed lectus tincidunt egestas. Mauris nibh.', '2013-01-28 22:34:47', '2013-01-28 22:34:47', 'ruby-on-rails-bag', '2013-01-28 22:34:47', null, null, null, null, null, '45'), ('1025786064', 'Ruby on Rails Baseball Jersey', 'Lorem ipsum dolor sit amet, consectetuer adipiscing elit. Nulla nonummy aliquet mi. Proin lacus. Ut placerat. Proin consequat, justo sit amet tempus consequat, elit est adipiscing odio, ut egestas pede eros in diam. Proin varius, lacus vitae suscipit varius, ipsum eros convallis nisi, sit amet sodales lectus pede non est. Duis augue. Suspendisse hendrerit pharetra metus. Pellentesque habitant morbi tristique senectus et netus et malesuada fames ac turpis egestas. Curabitur nec pede. Quisque volutpat, neque ac porttitor sodales, sem lacus rutrum nulla, ullamcorper placerat ante tortor ac odio. Suspendisse vel libero. Nullam volutpat magna vel ligula. Suspendisse sit amet metus. Nunc quis massa. Nulla facilisi. In enim. In venenatis nisi id eros. Lorem ipsum dolor sit amet, consectetuer adipiscing elit. Nunc sit amet felis sed lectus tincidunt egestas. Mauris nibh.', '2013-01-28 22:34:47', '2013-01-28 22:34:47', 'ruby-on-rails-baseball-jersey', '2013-01-28 22:34:47', null, null, null, null, null, '0'), ('1035865702', 'Ruby on Rails Stein', 'Lorem ipsum dolor sit amet, consectetuer adipiscing elit. Nulla nonummy aliquet mi. Proin lacus. Ut placerat. Proin consequat, justo sit amet tempus consequat, elit est adipiscing odio, ut egestas pede eros in diam. Proin varius, lacus vitae suscipit varius, ipsum eros convallis nisi, sit amet sodales lectus pede non est. Duis augue. Suspendisse hendrerit pharetra metus. Pellentesque habitant morbi tristique senectus et netus et malesuada fames ac turpis egestas. Curabitur nec pede. Quisque volutpat, neque ac porttitor sodales, sem lacus rutrum nulla, ullamcorper placerat ante tortor ac odio. Suspendisse vel libero. Nullam volutpat magna vel ligula. Suspendisse sit amet metus. Nunc quis massa. Nulla facilisi. In enim. In venenatis nisi id eros. Lorem ipsum dolor sit amet, consectetuer adipiscing elit. Nunc sit amet felis sed lectus tincidunt egestas. Mauris nibh.', '2013-01-28 22:34:47', '2013-01-28 22:34:47', 'ruby-on-rails-stein', '2013-01-28 22:34:47', null, null, null, null, null, '75'), ('1060500592', 'Ruby on Rails Jr. Spaghetti', 'Lorem ipsum dolor sit amet, consectetuer adipiscing elit. Nulla nonummy aliquet mi. Proin lacus. Ut placerat. Proin consequat, justo sit amet tempus consequat, elit est adipiscing odio, ut egestas pede eros in diam. Proin varius, lacus vitae suscipit varius, ipsum eros convallis nisi, sit amet sodales lectus pede non est. Duis augue. Suspendisse hendrerit pharetra metus. Pellentesque habitant morbi tristique senectus et netus et malesuada fames ac turpis egestas. Curabitur nec pede. Quisque volutpat, neque ac porttitor sodales, sem lacus rutrum nulla, ullamcorper placerat ante tortor ac odio. Suspendisse vel libero. Nullam volutpat magna vel ligula. Suspendisse sit amet metus. Nunc quis massa. Nulla facilisi. In enim. In venenatis nisi id eros. Lorem ipsum dolor sit amet, consectetuer adipiscing elit. Nunc sit amet felis sed lectus tincidunt egestas. Mauris nibh.', '2013-01-28 22:34:47', '2013-01-28 22:34:47', 'ruby-on-rails-jr-spaghetti', '2013-01-28 22:34:47', null, null, null, null, null, '75');
COMMIT;

-- ----------------------------
--  Table structure for `products_promotion_rules`
-- ----------------------------
DROP TABLE IF EXISTS `products_promotion_rules`;
CREATE TABLE `products_promotion_rules` (
  `product_id` int(11) DEFAULT NULL,
  `promotion_rule_id` int(11) DEFAULT NULL,
  KEY `index_products_promotion_rules_on_product_id` (`product_id`),
  KEY `index_products_promotion_rules_on_promotion_rule_id` (`promotion_rule_id`)
) ENGINE=InnoDB DEFAULT CHARSET=utf8;

-- ----------------------------
--  Table structure for `products_taxons`
-- ----------------------------
DROP TABLE IF EXISTS `products_taxons`;
CREATE TABLE `products_taxons` (
  `product_id` int(11) DEFAULT NULL,
  `taxon_id` int(11) DEFAULT NULL,
  KEY `index_products_taxons_on_product_id` (`product_id`),
  KEY `index_products_taxons_on_taxon_id` (`taxon_id`)
) ENGINE=InnoDB DEFAULT CHARSET=utf8;

-- ----------------------------
--  Records of `products_taxons`
-- ----------------------------
BEGIN;
INSERT INTO `products_taxons` VALUES ('459084718', '1002'), ('723959550', '1002'), ('248786582', '1003'), ('1035865702', '1003'), ('1060500592', '2000'), ('1025786064', '3000'), ('187438981', '3000'), ('706676762', '3000'), ('569012001', '3000'), ('569012001', '207281424'), ('1025786064', '31989848'), ('1060500592', '31989848'), ('187438981', '31989848'), ('1035865702', '31989848'), ('723959550', '31989848'), ('459084718', '31989848'), ('248786582', '31989848'), ('706676762', '307170551');
COMMIT;

-- ----------------------------
--  Table structure for `promotion_rules`
-- ----------------------------
DROP TABLE IF EXISTS `promotion_rules`;
CREATE TABLE `promotion_rules` (
  `id` int(11) NOT NULL AUTO_INCREMENT,
  `promotion_id` int(11) DEFAULT NULL,
  `user_id` int(11) DEFAULT NULL,
  `product_group_id` int(11) DEFAULT NULL,
  `created_at` datetime DEFAULT NULL,
  `updated_at` datetime DEFAULT NULL,
  `type` varchar(255) DEFAULT NULL,
  PRIMARY KEY (`id`),
  KEY `index_promotion_rules_on_product_group_id` (`product_group_id`),
  KEY `index_promotion_rules_on_user_id` (`user_id`)
) ENGINE=InnoDB DEFAULT CHARSET=utf8;

-- ----------------------------
--  Table structure for `promotion_rules_users`
-- ----------------------------
DROP TABLE IF EXISTS `promotion_rules_users`;
CREATE TABLE `promotion_rules_users` (
  `user_id` int(11) DEFAULT NULL,
  `promotion_rule_id` int(11) DEFAULT NULL,
  KEY `index_promotion_rules_users_on_user_id` (`user_id`),
  KEY `index_promotion_rules_users_on_promotion_rule_id` (`promotion_rule_id`)
) ENGINE=InnoDB DEFAULT CHARSET=utf8;

-- ----------------------------
--  Table structure for `promotions`
-- ----------------------------
DROP TABLE IF EXISTS `promotions`;
CREATE TABLE `promotions` (
  `id` int(11) NOT NULL AUTO_INCREMENT,
  `code` varchar(255) DEFAULT NULL,
  `description` varchar(255) DEFAULT NULL,
  `usage_limit` int(11) DEFAULT NULL,
  `combine` tinyint(1) DEFAULT NULL,
  `expires_at` datetime DEFAULT NULL,
  `created_at` datetime DEFAULT NULL,
  `updated_at` datetime DEFAULT NULL,
  `starts_at` datetime DEFAULT NULL,
  `match_policy` varchar(255) DEFAULT 'all',
  `name` varchar(255) DEFAULT NULL,
  PRIMARY KEY (`id`)
) ENGINE=InnoDB DEFAULT CHARSET=utf8;

-- ----------------------------
--  Table structure for `properties`
-- ----------------------------
DROP TABLE IF EXISTS `properties`;
CREATE TABLE `properties` (
  `id` int(11) NOT NULL AUTO_INCREMENT,
  `name` varchar(255) DEFAULT NULL,
  `presentation` varchar(255) NOT NULL,
  `created_at` datetime DEFAULT NULL,
  `updated_at` datetime DEFAULT NULL,
  PRIMARY KEY (`id`)
) ENGINE=InnoDB AUTO_INCREMENT=905834903 DEFAULT CHARSET=utf8;

-- ----------------------------
--  Records of `properties`
-- ----------------------------
BEGIN;
INSERT INTO `properties` VALUES ('39476074', 'model', 'Model', '2013-01-28 22:34:47', '2013-01-28 22:34:47'), ('161337574', 'brand', 'Brand', '2013-01-28 22:34:47', '2013-01-28 22:34:47'), ('209471856', 'shirt_fabric', 'Fabric', '2013-01-28 22:34:47', '2013-01-28 22:34:47'), ('305002717', 'shirt_sleeve_length', 'Sleeve', '2013-01-28 22:34:47', '2013-01-28 22:34:47'), ('317319559', 'mug_type', 'Type', '2013-01-28 22:34:47', '2013-01-28 22:34:47'), ('408437751', 'bag_type', 'Type', '2013-01-28 22:34:47', '2013-01-28 22:34:47'), ('560029305', 'manufacturer', 'Manufacturer', '2013-01-28 22:34:47', '2013-01-28 22:34:47'), ('591802549', 'bag_size', 'Size', '2013-01-28 22:34:47', '2013-01-28 22:34:47'), ('704092869', 'mug_size', 'Size', '2013-01-28 22:34:47', '2013-01-28 22:34:47'), ('730553315', 'gender', 'Gender', '2013-01-28 22:34:47', '2013-01-28 22:34:47'), ('793908548', 'shirt_fit', 'fit', '2013-01-28 22:34:47', '2013-01-28 22:34:47'), ('901906169', 'bag_material', 'Material', '2013-01-28 22:34:47', '2013-01-28 22:34:47'), ('905834902', 'shirt_type', 'Type', '2013-01-28 22:34:47', '2013-01-28 22:34:47');
COMMIT;

-- ----------------------------
--  Table structure for `properties_prototypes`
-- ----------------------------
DROP TABLE IF EXISTS `properties_prototypes`;
CREATE TABLE `properties_prototypes` (
  `prototype_id` int(11) DEFAULT NULL,
  `property_id` int(11) DEFAULT NULL
) ENGINE=InnoDB DEFAULT CHARSET=utf8;

-- ----------------------------
--  Records of `properties_prototypes`
-- ----------------------------
BEGIN;
INSERT INTO `properties_prototypes` VALUES ('534024676', '560029305'), ('534024676', '161337574'), ('534024676', '39476074'), ('534024676', '905834902'), ('534024676', '305002717'), ('534024676', '209471856'), ('534024676', '793908548'), ('534024676', '730553315'), ('571598464', '408437751'), ('571598464', '1925472'), ('571598464', '901906169'), ('559807879', '704092869'), ('559807879', '317319559');
COMMIT;

-- ----------------------------
--  Table structure for `prototypes`
-- ----------------------------
DROP TABLE IF EXISTS `prototypes`;
CREATE TABLE `prototypes` (
  `id` int(11) NOT NULL AUTO_INCREMENT,
  `name` varchar(255) DEFAULT NULL,
  `created_at` datetime DEFAULT NULL,
  `updated_at` datetime DEFAULT NULL,
  PRIMARY KEY (`id`)
) ENGINE=InnoDB AUTO_INCREMENT=571598465 DEFAULT CHARSET=utf8;

-- ----------------------------
--  Records of `prototypes`
-- ----------------------------
BEGIN;
INSERT INTO `prototypes` VALUES ('534024676', 'Shirt', '2013-01-28 22:34:47', '2013-01-28 22:34:47'), ('559807879', 'Mug', '2013-01-28 22:34:47', '2013-01-28 22:34:47'), ('571598464', 'Bag', '2013-01-28 22:34:47', '2013-01-28 22:34:47');
COMMIT;

-- ----------------------------
--  Table structure for `return_authorizations`
-- ----------------------------
DROP TABLE IF EXISTS `return_authorizations`;
CREATE TABLE `return_authorizations` (
  `id` int(11) NOT NULL AUTO_INCREMENT,
  `number` varchar(255) DEFAULT NULL,
  `amount` decimal(8,2) NOT NULL DEFAULT '0.00',
  `order_id` int(11) DEFAULT NULL,
  `reason` text,
  `state` varchar(255) DEFAULT NULL,
  `created_at` datetime DEFAULT NULL,
  `updated_at` datetime DEFAULT NULL,
  PRIMARY KEY (`id`)
) ENGINE=InnoDB DEFAULT CHARSET=utf8;

-- ----------------------------
--  Table structure for `roles`
-- ----------------------------
DROP TABLE IF EXISTS `roles`;
CREATE TABLE `roles` (
  `id` int(11) NOT NULL AUTO_INCREMENT,
  `name` varchar(255) DEFAULT NULL,
  PRIMARY KEY (`id`)
) ENGINE=InnoDB AUTO_INCREMENT=3 DEFAULT CHARSET=utf8;

-- ----------------------------
--  Records of `roles`
-- ----------------------------
BEGIN;
INSERT INTO `roles` VALUES ('1', 'admin'), ('2', 'user');
COMMIT;

-- ----------------------------
--  Table structure for `roles_users`
-- ----------------------------
DROP TABLE IF EXISTS `roles_users`;
CREATE TABLE `roles_users` (
  `role_id` int(11) DEFAULT NULL,
  `user_id` int(11) DEFAULT NULL,
  KEY `index_roles_users_on_role_id` (`role_id`),
  KEY `index_roles_users_on_user_id` (`user_id`)
) ENGINE=InnoDB DEFAULT CHARSET=utf8;

-- ----------------------------
--  Table structure for `schema_migrations`
-- ----------------------------
DROP TABLE IF EXISTS `schema_migrations`;
CREATE TABLE `schema_migrations` (
  `version` varchar(255) NOT NULL,
  UNIQUE KEY `unique_schema_migrations` (`version`)
) ENGINE=InnoDB DEFAULT CHARSET=utf8;

-- ----------------------------
--  Records of `schema_migrations`
-- ----------------------------
BEGIN;
INSERT INTO `schema_migrations` VALUES ('20090823005402'), ('20090904192342'), ('20090923100315'), ('20091007134354'), ('20091008091614'), ('20091012120519'), ('20091015110842'), ('20091015153048'), ('20091016174634'), ('20091017175558'), ('20091021133257'), ('20091104151730'), ('20091126190904'), ('20091209153045'), ('20091209202200'), ('20091211203813'), ('20091212161118'), ('20091213222815'), ('20091214183826'), ('20100105090147'), ('20100105132138'), ('20100107141738'), ('20100111205525'), ('20100112151511'), ('20100113090919'), ('20100113203104'), ('20100121160010'), ('20100121183934'), ('20100125145351'), ('20100126103714'), ('20100209025806'), ('20100209144531'), ('20100213103131'), ('20100214212536'), ('20100223170312'), ('20100223183812'), ('20100224153127'), ('20100301163454'), ('20100306153445'), ('20100317120946'), ('20100419190933'), ('20100419194457'), ('20100426100726'), ('20100427121301'), ('20100501084722'), ('20100501095202'), ('20100502163939'), ('20100504142133'), ('20100506180619'), ('20100506185838'), ('20100528155333'), ('20100528185820'), ('20100605152042'), ('20100624110730'), ('20100624123336'), ('20100624175547'), ('20100811163637'), ('20100811205836'), ('20100812162326'), ('20100813023502'), ('20100813185745'), ('20100816212146'), ('20100817152723'), ('20100819170125'), ('20100820135707'), ('20100901171814'), ('20100903203949'), ('20100923095305'), ('20100923162011'), ('20100929151905'), ('20101008190536'), ('20101026184700'), ('20101026184714'), ('20101026184746'), ('20101026184808'), ('20101026184833'), ('20101026184855'), ('20101026184916'), ('20101026184932'), ('20101026184959'), ('20101026185022'), ('20101026192225'), ('20101028151745'), ('20101101185116'), ('20101103212716'), ('20101111133551'), ('20101117031806'), ('20101214150824'), ('20101217012656'), ('20101219201531');
COMMIT;

-- ----------------------------
--  Table structure for `shipments`
-- ----------------------------
DROP TABLE IF EXISTS `shipments`;
CREATE TABLE `shipments` (
  `id` int(11) NOT NULL AUTO_INCREMENT,
  `order_id` int(11) DEFAULT NULL,
  `shipping_method_id` int(11) DEFAULT NULL,
  `tracking` varchar(255) DEFAULT NULL,
  `created_at` datetime DEFAULT NULL,
  `updated_at` datetime DEFAULT NULL,
  `number` varchar(255) DEFAULT NULL,
  `cost` decimal(8,2) DEFAULT NULL,
  `shipped_at` datetime DEFAULT NULL,
  `address_id` int(11) DEFAULT NULL,
  `state` varchar(255) DEFAULT NULL,
  PRIMARY KEY (`id`),
  KEY `index_shipments_on_number` (`number`)
) ENGINE=InnoDB AUTO_INCREMENT=1053930493 DEFAULT CHARSET=utf8;

-- ----------------------------
--  Records of `shipments`
-- ----------------------------
BEGIN;
INSERT INTO `shipments` VALUES ('7516093', '906884218', '574015644', null, '2013-01-28 22:34:47', '2013-01-28 22:34:47', 'H0921059910872', null, null, '347276494', 'pending'), ('32026953', '932702864', '574015644', null, '2013-01-28 22:34:47', '2013-01-28 22:34:47', 'H699148911095', null, null, '355015228', 'pending'), ('33214900', '931498615', '574015644', null, '2013-01-28 22:34:47', '2013-01-28 22:34:47', 'H002103974113', null, null, '356219587', 'pending'), ('35341291', '73849921', '574015644', null, '2013-01-28 22:34:47', '2013-01-28 22:34:47', 'H1034691084039', null, null, '501684253', 'pending'), ('54656917', '893297750', '574015644', null, '2013-01-28 22:34:47', '2013-01-28 22:34:47', 'H50605109004', null, null, '394286306', 'pending'), ('55811946', '892126383', '574015644', null, '2013-01-28 22:34:47', '2013-01-28 22:34:47', 'H15691942453', null, null, '395457563', 'pending'), ('61228994', '903421051', '574015644', null, '2013-01-28 22:34:47', '2013-01-28 22:34:47', 'H89406720779', null, null, '392686799', 'pending'), ('62138181', '902528130', '574015644', null, '2013-01-28 22:34:47', '2013-01-28 22:34:47', 'H47936230141', null, null, '393579574', 'pending'), ('70007694', '844324943', '574015644', null, '2013-01-28 22:34:47', '2013-01-28 22:34:47', 'H83228510321', null, null, '284004603', 'pending'), ('71195505', '843120822', '574015644', null, '2013-01-28 22:34:47', '2013-01-28 22:34:47', 'H106101041110752', null, null, '285208578', 'pending'), ('80446377', '850712674', '574015644', null, '2013-01-28 22:34:47', '2013-01-28 22:34:47', 'H658669304102', null, null, '269101270', 'pending'), ('81388382', '849787035', '574015644', null, '2013-01-28 22:34:47', '2013-01-28 22:34:47', 'H65465872378', null, null, '270026799', 'pending'), ('109409616', '821702295', '574015644', null, '2013-01-28 22:34:47', '2013-01-28 22:34:47', 'H1510101001055610', null, null, '306503203', 'pending'), ('110564781', '820530800', '574015644', null, '2013-01-28 22:34:47', '2013-01-28 22:34:47', 'H994229990103', null, null, '307674844', 'pending'), ('163898264', '1069267029', '574015644', null, '2013-01-28 22:34:47', '2013-01-28 22:34:47', 'H3610837210755', null, null, '486885605', 'pending'), ('165053295', '1068095656', '574015644', null, '2013-01-28 22:34:47', '2013-01-28 22:34:47', 'H49454236912', null, null, '488056864', 'pending'), ('167930736', '1014837421', '574015644', null, '2013-01-28 22:34:47', '2013-01-28 22:34:47', 'H06104313101026', null, null, '516145181', 'pending'), ('193598819', '1039486630', '574015644', null, '2013-01-28 22:34:47', '2013-01-28 22:34:47', 'H51062410108256', null, null, '525057558', 'pending'), ('195891138', '231772182', '574015644', null, '2013-01-28 22:34:47', '2013-01-28 22:34:47', 'H573076100089', null, null, '340874296', 'pending'), ('216519034', '983075517', '574015644', null, '2013-01-28 22:34:47', '2013-01-28 22:34:47', 'H200631265105', null, null, '405174797', 'pending'), ('228226979', '1004874852', '574015644', null, '2013-01-28 22:34:47', '2013-01-28 22:34:47', 'H710182886172', null, null, '425450708', 'pending'), ('245966735', '953580620', '574015644', null, '2013-01-28 22:34:47', '2013-01-28 22:34:47', 'H962710143747', null, null, '443059452', 'pending'), ('247154552', '952376497', '574015644', null, '2013-01-28 22:34:47', '2013-01-28 22:34:47', 'H984705103135', null, null, '444263433', 'pending'), ('255015291', '961307330', '574015644', null, '2013-01-28 22:34:47', '2013-01-28 22:34:47', 'H9359710768210', null, null, '468881930', 'pending'), ('281915952', '649259497', '574015644', null, '2013-01-28 22:34:47', '2013-01-28 22:34:47', 'H910431879769', null, null, '67901793', 'pending'), ('283103959', '648055060', '574015644', null, '2013-01-28 22:34:47', '2013-01-28 22:34:47', 'H1246251071068', null, null, '69106084', 'pending'), ('310592731', '620502818', '574015644', null, '2013-01-28 22:34:47', '2013-01-28 22:34:47', 'H98603438736', null, null, '105050026', 'pending'), ('312761982', '349815214', '574015644', null, '2013-01-28 22:34:47', '2013-01-28 22:34:47', 'H85885444764', null, null, '223872400', 'pending'), ('320428591', '627442156', '574015644', null, '2013-01-28 22:34:47', '2013-01-28 22:34:47', 'H07131944244', null, null, '131658076', 'pending'), ('344016612', '587078949', '574015644', null, '2013-01-28 22:34:47', '2013-01-28 22:34:47', 'H710491781298', null, null, '4255125', 'pending'), ('365533797', '330565047', '574015644', null, '2013-01-28 22:34:47', '2013-01-28 22:34:47', 'H1043425010517', null, null, '171295127', 'pending'), ('367952066', '596761353', '574015644', null, '2013-01-28 22:34:47', '2013-01-28 22:34:47', 'H3110181006249', null, null, '19868593', 'pending'), ('371722298', '542594049', '574015644', null, '2013-01-28 22:34:47', '2013-01-28 22:34:47', 'H6401891002103', null, null, '48866121', 'pending'), ('396391991', '568274416', '574015644', null, '2013-01-28 22:34:47', '2013-01-28 22:34:47', 'H572499046104', null, null, '56745288', 'pending'), ('397547216', '567102733', '574015644', null, '2013-01-28 22:34:47', '2013-01-28 22:34:47', 'H73698492973', null, null, '57916861', 'pending'), ('417456373', '782154552', '574015644', null, '2013-01-28 22:34:47', '2013-01-28 22:34:47', 'H071010130941010', null, null, '203443076', 'pending'), ('418611208', '780983247', '574015644', null, '2013-01-28 22:34:47', '2013-01-28 22:34:47', 'H65232774449', null, null, '204614523', 'pending'), ('426352382', '790021435', '574015644', null, '2013-01-28 22:34:47', '2013-01-28 22:34:47', 'H210588674550', null, null, '229127567', 'pending'), ('440970793', '741864942', '574015644', null, '2013-01-28 22:34:47', '2013-01-28 22:34:47', 'H34152162103', null, null, '243860826', 'pending'), ('442158806', '740660503', '574015644', null, '2013-01-28 22:34:47', '2013-01-28 22:34:47', 'H715249910529', null, null, '245065123', 'pending'), ('447682054', '751848899', '574015644', null, '2013-01-28 22:34:47', '2013-01-28 22:34:47', 'H48808461153', null, null, '242138487', 'pending'), ('448624385', '750923066', '574015644', null, '2013-01-28 22:34:47', '2013-01-28 22:34:47', 'H62053140277', null, null, '243064206', 'pending'), ('475581673', '707237680', '574015644', null, '2013-01-28 22:34:47', '2013-01-28 22:34:47', 'H00220849988', null, null, '144271260', 'pending'), ('488991282', '727331319', '574015644', null, '2013-01-28 22:34:47', '2013-01-28 22:34:47', 'H6100338146109', null, null, '165986627', 'pending'), ('490146509', '726159630', '574015644', null, '2013-01-28 22:34:47', '2013-01-28 22:34:47', 'H92944706622', null, null, '167158202', 'pending'), ('499307037', '733841882', '574015644', null, '2013-01-28 22:34:47', '2013-01-28 22:34:47', 'H1011052833108', null, null, '151222638', 'pending'), ('500216554', '732948771', '574015644', null, '2013-01-28 22:34:47', '2013-01-28 22:34:47', 'H032198107738', null, null, '152115607', 'pending'), ('529278188', '703823663', '574015644', null, '2013-01-28 22:34:47', '2013-01-28 22:34:47', 'H87161021225', null, null, '189632411', 'pending'), ('530465809', '702619608', '574015644', null, '2013-01-28 22:34:47', '2013-01-28 22:34:47', 'H7197358102100', null, null, '190836580', 'pending'), ('547833508', '383262055', '574015644', null, '2013-01-28 22:34:47', '2013-01-28 22:34:47', 'H83852485098', null, null, '879160787', 'pending'), ('548742745', '382369184', '574015644', null, '2013-01-28 22:34:47', '2013-01-28 22:34:47', 'H1087106311276', null, null, '880053548', 'pending'), ('556742829', '391144298', '574015644', null, '2013-01-28 22:34:47', '2013-01-28 22:34:47', 'H651053710101013', null, null, '904827870', 'pending'), ('583969526', '615724322', '574015644', null, '2013-01-28 22:34:47', '2013-01-28 22:34:47', 'H394801036958', null, null, '1026748676', 'pending'), ('585740373', '345435026', '574015644', null, '2013-01-28 22:34:47', '2013-01-28 22:34:47', 'H35806537824', null, null, '908598054', 'pending'), ('596014713', '368651700', '574015644', null, '2013-01-28 22:34:47', '2013-01-28 22:34:47', 'H905173351037', null, null, '927456520', 'pending'), ('605973176', '308359551', '574015644', null, '2013-01-28 22:34:47', '2013-01-28 22:34:47', 'H1100511074433', null, null, '819970507', 'pending'), ('629437518', '335228811', '574015644', null, '2013-01-28 22:34:47', '2013-01-28 22:34:47', 'H614838310784', null, null, '826662719', 'pending'), ('631467759', '601813305', '574015644', null, '2013-01-28 22:34:47', '2013-01-28 22:34:47', 'H171021008088', null, null, '979318045', 'pending'), ('667583165', '297130368', '574015644', null, '2013-01-28 22:34:47', '2013-01-28 22:34:47', 'H910909720876', null, null, '856369612', 'pending'), ('668525120', '296204679', '574015644', null, '2013-01-28 22:34:47', '2013-01-28 22:34:47', 'H85721974703', null, null, '857295155', 'pending'), ('680203391', '519327672', '574015644', null, '2013-01-28 22:34:47', '2013-01-28 22:34:47', 'H70091107107910', null, null, '1011531536', 'pending'), ('681145480', '518401861', '574015644', null, '2013-01-28 22:34:47', '2013-01-28 22:34:47', 'H52718415121', null, null, '1012457461', 'pending'), ('706894503', '475857254', '574015644', null, '2013-01-28 22:34:47', '2013-01-28 22:34:47', 'H542427210055', null, null, '1055125974', 'pending'), ('707803742', '474964377', '574015644', null, '2013-01-28 22:34:47', '2013-01-28 22:34:47', 'H87521770813', null, null, '1056018737', 'pending'), ('717611658', '481999185', '574015644', null, '2013-01-28 22:34:47', '2013-01-28 22:34:47', 'H7652491055110', null, null, '1040468473', 'pending'), ('718766707', '480827830', '574015644', null, '2013-01-28 22:34:47', '2013-01-28 22:34:47', 'H2307610601510', null, null, '1041639686', 'pending'), ('727710848', '488679357', '574015644', null, '2013-01-28 22:34:47', '2013-01-28 22:34:47', 'H678671096222', null, null, '1067341581', 'pending'), ('760192702', '456181117', '574015644', null, '2013-01-28 22:34:47', '2013-01-28 22:34:47', 'H41676142098', null, null, '965621197', 'pending'), ('761134663', '455255426', '574015644', null, '2013-01-28 22:34:47', '2013-01-28 22:34:47', 'H951060765891', null, null, '966546746', 'pending'), ('765994643', '467107162', '574015644', null, '2013-01-28 22:34:47', '2013-01-28 22:34:47', 'H2777710108677', null, null, '963218914', 'pending'), ('767182442', '465903021', '574015644', null, '2013-01-28 22:34:47', '2013-01-28 22:34:47', 'H20530788074', null, null, '964422941', 'pending'), ('779005547', '403830194', '574015644', null, '2013-01-28 22:34:47', '2013-01-28 22:34:47', 'H281088910684', null, null, '984548634', 'pending'), ('803655784', '429493153', '574015644', null, '2013-01-28 22:34:47', '2013-01-28 22:34:47', 'H726146103292', null, null, '992443161', 'pending'), ('804565151', '428600156', '574015644', null, '2013-01-28 22:34:47', '2013-01-28 22:34:47', 'H385406539103', null, null, '993336300', 'pending'), ('830621127', '134028804', '574015644', null, '2013-01-28 22:34:47', '2013-01-28 22:34:47', 'H475940871012', null, null, '625209012', 'pending'), ('831530304', '133136121', '574015644', null, '2013-01-28 22:34:47', '2013-01-28 22:34:47', 'H74119111476', null, null, '626101841', 'pending'), ('858458911', '89411802', '574015644', null, '2013-01-28 22:34:47', '2013-01-28 22:34:47', 'H0291078047410', null, null, '669687922', 'pending'), ('859401190', '88485925', '574015644', null, '2013-01-28 22:34:47', '2013-01-28 22:34:47', 'H09713702128', null, null, '670613653', 'pending'), ('869053234', '95676661', '574015644', null, '2013-01-28 22:34:47', '2013-01-28 22:34:47', 'H941025877339', null, null, '655169605', 'pending'), ('870241227', '94472210', '574015644', null, '2013-01-28 22:34:47', '2013-01-28 22:34:47', 'H1048343221097', null, null, '656373946', 'pending'), ('877055750', '37328065', '574015644', null, '2013-01-28 22:34:47', '2013-01-28 22:34:47', 'H450103257997', null, null, '545743993', 'pending'), ('877965311', '36435006', '574015644', null, '2013-01-28 22:34:47', '2013-01-28 22:34:47', 'H798639176104', null, null, '546636942', 'pending'), ('882997035', '48114926', '574015644', null, '2013-01-28 22:34:47', '2013-01-28 22:34:47', 'H66453869256', null, null, '543218782', 'pending'), ('884152274', '46943257', '574015644', null, '2013-01-28 22:34:47', '2013-01-28 22:34:47', 'H91522974475', null, null, '544390305', 'pending'), ('891057020', '862055596', '574015644', null, '2013-01-28 22:34:47', '2013-01-28 22:34:47', 'H190110584500', null, null, '719333514', 'pending'), ('921666016', '9493021', '574015644', null, '2013-01-28 22:34:47', '2013-01-28 22:34:47', 'H98780976353', null, null, '573450925', 'pending'), ('922607911', '8567520', '574015644', null, '2013-01-28 22:34:47', '2013-01-28 22:34:47', 'H1041038497553', null, null, '574376536', 'pending'), ('930455338', '17482993', '574015644', null, '2013-01-28 22:34:47', '2013-01-28 22:34:47', 'H107819865260', null, null, '599012441', 'pending'), ('942934510', '239817259', '574015644', null, '2013-01-28 22:34:47', '2013-01-28 22:34:47', 'H364892965510', null, null, '754295455', 'pending'), ('967710488', '265374943', '574015644', null, '2013-01-28 22:34:47', '2013-01-28 22:34:47', 'H9722901010122', null, null, '762297451', 'pending'), ('968652773', '264449064', '574015644', null, '2013-01-28 22:34:47', '2013-01-28 22:34:47', 'H182759064210', null, null, '763223188', 'pending'), ('983385912', '216145139', '574015644', null, '2013-01-28 22:34:47', '2013-01-28 22:34:47', 'H510653831830', null, null, '777841735', 'pending'), ('1002961742', '1035625630', '574015644', null, '2013-01-28 22:34:47', '2013-01-28 22:34:47', 'H451072408671', null, null, '607887544', 'pending'), ('1004593649', '228571690', '574015644', null, '2013-01-28 22:34:47', '2013-01-28 22:34:47', 'H1010003116816', null, null, '790710942', 'pending'), ('1015883258', '183664179', '574015644', null, '2013-01-28 22:34:47', '2013-01-28 22:34:47', 'H598527315104', null, null, '676105863', 'pending'), ('1017790295', '987209861', '574015644', null, '2013-01-28 22:34:47', '2013-01-28 22:34:47', 'H4163910104592', null, null, '592864417', 'pending'), ('1020487291', '539762571', '574015644', null, '2013-01-28 22:34:47', '2013-01-28 22:34:47', 'H30986332330', null, null, '42776516', 'pending'), ('1023761401', '192544832', '574015644', null, '2013-01-28 22:34:47', '2013-01-28 22:34:47', 'H710687402826', null, null, '700772492', 'pending'), ('1053020929', '146573512', '574015644', null, '2013-01-28 22:34:47', '2013-01-28 22:34:47', 'H974108686123', null, null, '704804980', 'pending'), ('1053930492', '145680447', '574015644', null, '2013-01-28 22:34:47', '2013-01-28 22:34:47', 'H210467838912', null, null, '705697931', 'pending');
COMMIT;

-- ----------------------------
--  Table structure for `shipping_categories`
-- ----------------------------
DROP TABLE IF EXISTS `shipping_categories`;
CREATE TABLE `shipping_categories` (
  `id` int(11) NOT NULL AUTO_INCREMENT,
  `name` varchar(255) DEFAULT NULL,
  `created_at` datetime DEFAULT NULL,
  `updated_at` datetime DEFAULT NULL,
  PRIMARY KEY (`id`)
) ENGINE=InnoDB AUTO_INCREMENT=727197547 DEFAULT CHARSET=utf8;

-- ----------------------------
--  Records of `shipping_categories`
-- ----------------------------
BEGIN;
INSERT INTO `shipping_categories` VALUES ('727197546', 'Default Shipping', '2013-01-28 22:34:47', '2013-01-28 22:34:47');
COMMIT;

-- ----------------------------
--  Table structure for `shipping_methods`
-- ----------------------------
DROP TABLE IF EXISTS `shipping_methods`;
CREATE TABLE `shipping_methods` (
  `id` int(11) NOT NULL AUTO_INCREMENT,
  `zone_id` int(11) DEFAULT NULL,
  `name` varchar(255) DEFAULT NULL,
  `created_at` datetime DEFAULT NULL,
  `updated_at` datetime DEFAULT NULL,
  `display_on` varchar(255) DEFAULT NULL,
  PRIMARY KEY (`id`)
) ENGINE=InnoDB AUTO_INCREMENT=574015645 DEFAULT CHARSET=utf8;

-- ----------------------------
--  Records of `shipping_methods`
-- ----------------------------
BEGIN;
INSERT INTO `shipping_methods` VALUES ('13537749', '2', 'UPS One Day', '2013-01-28 22:34:47', '2013-01-28 22:34:47', null), ('192811543', '2', 'UPS Two Day', '2013-01-28 22:34:47', '2013-01-28 22:34:47', null), ('574015644', '2', 'UPS Ground', '2013-01-28 22:34:47', '2013-01-28 22:34:47', null);
COMMIT;

-- ----------------------------
--  Table structure for `state_events`
-- ----------------------------
DROP TABLE IF EXISTS `state_events`;
CREATE TABLE `state_events` (
  `id` int(11) NOT NULL AUTO_INCREMENT,
  `stateful_id` int(11) DEFAULT NULL,
  `user_id` int(11) DEFAULT NULL,
  `name` varchar(255) DEFAULT NULL,
  `created_at` datetime DEFAULT NULL,
  `updated_at` datetime DEFAULT NULL,
  `previous_state` varchar(255) DEFAULT NULL,
  `stateful_type` varchar(255) DEFAULT NULL,
  PRIMARY KEY (`id`)
) ENGINE=InnoDB DEFAULT CHARSET=utf8;

-- ----------------------------
--  Table structure for `states`
-- ----------------------------
DROP TABLE IF EXISTS `states`;
CREATE TABLE `states` (
  `id` int(11) NOT NULL AUTO_INCREMENT,
  `name` varchar(255) DEFAULT NULL,
  `abbr` varchar(255) DEFAULT NULL,
  `country_id` int(11) DEFAULT NULL,
  PRIMARY KEY (`id`)
) ENGINE=InnoDB AUTO_INCREMENT=1061493586 DEFAULT CHARSET=utf8;

-- ----------------------------
--  Records of `states`
-- ----------------------------
BEGIN;
INSERT INTO `states` VALUES ('6764998', 'District of Columbia', 'DC', '214'), ('17199670', 'Utah', 'UT', '214'), ('37199952', 'Louisiana', 'LA', '214'), ('41111624', 'Virginia', 'VA', '214'), ('51943165', 'North Dakota', 'ND', '214'), ('66390489', 'Wyoming', 'WY', '214'), ('69729944', 'New Mexico', 'NM', '214'), ('69870734', 'Connecticut', 'CT', '214'), ('91367981', 'West Virginia', 'WV', '214'), ('103680699', 'Wisconsin', 'WI', '214'), ('177087202', 'North Carolina', 'NC', '214'), ('179539703', 'Nevada', 'NV', '214'), ('199950338', 'Hawaii', 'HI', '214'), ('248548169', 'Oklahoma', 'OK', '214'), ('267271847', 'Florida', 'FL', '214'), ('276110813', 'California', 'CA', '214'), ('298914262', 'Oregon', 'OR', '214'), ('308473843', 'Kentucky', 'KY', '214'), ('385551075', 'Massachusetts', 'MA', '214'), ('403740659', 'Alaska', 'AK', '214'), ('414569975', 'Washington', 'WA', '214'), ('426832442', 'New Hampshire', 'NH', '214'), ('471470972', 'Arkansas', 'AR', '214'), ('471711976', 'Pennsylvania', 'PA', '214'), ('474001862', 'Rhode Island', 'RI', '214'), ('480368357', 'Maryland', 'MD', '214'), ('485193526', 'Ohio', 'OH', '214'), ('525212995', 'Texas', 'TX', '214'), ('532363768', 'Mississippi', 'MS', '214'), ('536031023', 'Colorado', 'CO', '214'), ('597434151', 'South Carolina', 'SC', '214'), ('615306087', 'South Dakota', 'SD', '214'), ('625629523', 'Illinois', 'IL', '214'), ('653576146', 'Missouri', 'MO', '214'), ('673350891', 'Nebraska', 'NE', '214'), ('721598219', 'Delaware', 'DE', '214'), ('726305632', 'Tennessee', 'TN', '214'), ('750950030', 'New Jersey', 'NJ', '214'), ('769938586', 'Indiana', 'IN', '214'), ('825306985', 'Iowa', 'IA', '214'), ('876916760', 'Georgia', 'GA', '214'), ('889445952', 'New York', 'NY', '214'), ('931624400', 'Michigan', 'MI', '214'), ('948208802', 'Arizona', 'AZ', '214'), ('969722173', 'Kansas', 'KS', '214'), ('982433740', 'Idaho', 'ID', '214'), ('989115415', 'Vermont', 'VT', '214'), ('999156632', 'Montana', 'MT', '214'), ('1032288924', 'Minnesota', 'MN', '214'), ('1055056709', 'Maine', 'ME', '214'), ('1061493585', 'Alabama', 'AL', '214');
COMMIT;

-- ----------------------------
--  Table structure for `tax_categories`
-- ----------------------------
DROP TABLE IF EXISTS `tax_categories`;
CREATE TABLE `tax_categories` (
  `id` int(11) NOT NULL AUTO_INCREMENT,
  `name` varchar(255) DEFAULT NULL,
  `description` varchar(255) DEFAULT NULL,
  `created_at` datetime DEFAULT NULL,
  `updated_at` datetime DEFAULT NULL,
  `is_default` tinyint(1) DEFAULT '0',
  PRIMARY KEY (`id`)
) ENGINE=InnoDB AUTO_INCREMENT=698318841 DEFAULT CHARSET=utf8;

-- ----------------------------
--  Records of `tax_categories`
-- ----------------------------
BEGIN;
INSERT INTO `tax_categories` VALUES ('25484906', 'Clothing', null, '2013-01-28 22:34:47', '2013-01-28 22:34:47', '0'), ('698318840', 'Food', null, '2013-01-28 22:34:47', '2013-01-28 22:34:47', '0');
COMMIT;

-- ----------------------------
--  Table structure for `tax_rates`
-- ----------------------------
DROP TABLE IF EXISTS `tax_rates`;
CREATE TABLE `tax_rates` (
  `id` int(11) NOT NULL AUTO_INCREMENT,
  `zone_id` int(11) DEFAULT NULL,
  `amount` decimal(8,4) DEFAULT NULL,
  `created_at` datetime DEFAULT NULL,
  `updated_at` datetime DEFAULT NULL,
  `tax_category_id` int(11) DEFAULT NULL,
  PRIMARY KEY (`id`)
) ENGINE=InnoDB DEFAULT CHARSET=utf8;

-- ----------------------------
--  Table structure for `taxonomies`
-- ----------------------------
DROP TABLE IF EXISTS `taxonomies`;
CREATE TABLE `taxonomies` (
  `id` int(11) NOT NULL AUTO_INCREMENT,
  `name` varchar(255) NOT NULL,
  `created_at` datetime DEFAULT NULL,
  `updated_at` datetime DEFAULT NULL,
  PRIMARY KEY (`id`)
) ENGINE=InnoDB AUTO_INCREMENT=854451431 DEFAULT CHARSET=utf8;

-- ----------------------------
--  Records of `taxonomies`
-- ----------------------------
BEGIN;
INSERT INTO `taxonomies` VALUES ('475199832', 'Brand', '2013-01-28 22:34:48', '2013-01-28 22:34:48'), ('854451430', 'Categories', '2013-01-28 22:34:48', '2013-01-28 22:34:48');
COMMIT;

-- ----------------------------
--  Table structure for `taxons`
-- ----------------------------
DROP TABLE IF EXISTS `taxons`;
CREATE TABLE `taxons` (
  `id` int(11) NOT NULL AUTO_INCREMENT,
  `taxonomy_id` int(11) NOT NULL,
  `parent_id` int(11) DEFAULT NULL,
  `position` int(11) DEFAULT '0',
  `name` varchar(255) NOT NULL,
  `created_at` datetime DEFAULT NULL,
  `updated_at` datetime DEFAULT NULL,
  `permalink` varchar(255) DEFAULT NULL,
  `lft` int(11) DEFAULT NULL,
  `rgt` int(11) DEFAULT NULL,
  `icon_file_name` varchar(255) DEFAULT NULL,
  `icon_content_type` varchar(255) DEFAULT NULL,
  `icon_file_size` int(11) DEFAULT NULL,
  `icon_updated_at` datetime DEFAULT NULL,
  `description` text,
  PRIMARY KEY (`id`),
  KEY `index_taxons_on_permalink` (`permalink`),
  KEY `index_taxons_on_parent_id` (`parent_id`),
  KEY `index_taxons_on_taxonomy_id` (`taxonomy_id`)
) ENGINE=InnoDB AUTO_INCREMENT=307170552 DEFAULT CHARSET=utf8;

-- ----------------------------
--  Records of `taxons`
-- ----------------------------
BEGIN;
INSERT INTO `taxons` VALUES ('1000', '854451430', null, '0', 'Categories', '2013-01-28 22:34:48', '2013-01-28 22:34:48', 'categories', '1', '12', null, null, null, null, null), ('1001', '854451430', '1000', '0', 'Clothing', '2013-01-28 22:34:48', '2013-01-28 22:34:48', 'categories/clothing', '2', '7', null, null, null, null, null), ('1002', '854451430', '1000', '1', 'Bags', '2013-01-28 22:34:48', '2013-01-28 22:34:48', 'categories/bags', '8', '9', null, null, null, null, null), ('1003', '854451430', '1000', '2', 'Mugs', '2013-01-28 22:34:48', '2013-01-28 22:34:48', 'categories/mugs', '10', '11', null, null, null, null, null), ('2000', '854451430', '1001', '0', 'Shirts', '2013-01-28 22:34:48', '2013-01-28 22:34:48', 'categories/clothing/shirts', '3', '6', null, null, null, null, null), ('3000', '854451430', '2000', '0', 'T-Shirts', '2013-01-28 22:34:48', '2013-01-28 22:34:48', 'categories/clothing/shirts/t-shirts', '4', '5', null, null, null, null, null), ('20000', '475199832', null, '0', 'Brands', '2013-01-28 22:34:48', '2013-01-28 22:34:48', 'brands', '13', '20', null, null, null, null, null), ('31989848', '475199832', '20000', '1', 'Ruby on Rails', '2013-01-28 22:34:48', '2013-01-28 22:34:48', 'brands/ruby-on-rails', '14', '15', null, null, null, null, null), ('207281424', '475199832', '20000', '0', 'Ruby', '2013-01-28 22:34:48', '2013-01-28 22:34:48', 'brands/ruby', '16', '17', null, null, null, null, null), ('307170551', '475199832', '20000', '2', 'Apache', '2013-01-28 22:34:48', '2013-01-28 22:34:48', 'brands/apache', '18', '19', null, null, null, null, null);
COMMIT;

-- ----------------------------
--  Table structure for `tokenized_permissions`
-- ----------------------------
DROP TABLE IF EXISTS `tokenized_permissions`;
CREATE TABLE `tokenized_permissions` (
  `id` int(11) NOT NULL AUTO_INCREMENT,
  `permissable_id` int(11) DEFAULT NULL,
  `permissable_type` varchar(255) DEFAULT NULL,
  `token` varchar(255) DEFAULT NULL,
  `created_at` datetime DEFAULT NULL,
  `updated_at` datetime DEFAULT NULL,
  PRIMARY KEY (`id`),
  KEY `index_tokenized_name_and_type` (`permissable_id`,`permissable_type`)
) ENGINE=InnoDB DEFAULT CHARSET=utf8;

-- ----------------------------
--  Table structure for `trackers`
-- ----------------------------
DROP TABLE IF EXISTS `trackers`;
CREATE TABLE `trackers` (
  `id` int(11) NOT NULL AUTO_INCREMENT,
  `environment` varchar(255) DEFAULT NULL,
  `analytics_id` varchar(255) DEFAULT NULL,
  `active` tinyint(1) DEFAULT '1',
  `created_at` datetime DEFAULT NULL,
  `updated_at` datetime DEFAULT NULL,
  PRIMARY KEY (`id`)
) ENGINE=InnoDB DEFAULT CHARSET=utf8;

-- ----------------------------
--  Table structure for `users`
-- ----------------------------
DROP TABLE IF EXISTS `users`;
CREATE TABLE `users` (
  `id` int(11) NOT NULL AUTO_INCREMENT,
  `email` varchar(255) DEFAULT NULL,
  `encrypted_password` varchar(255) DEFAULT NULL,
  `password_salt` varchar(255) DEFAULT NULL,
  `remember_token` varchar(255) DEFAULT NULL,
  `created_at` datetime DEFAULT NULL,
  `updated_at` datetime DEFAULT NULL,
  `persistence_token` varchar(255) DEFAULT NULL,
  `reset_password_token` varchar(255) DEFAULT NULL,
  `perishable_token` varchar(255) DEFAULT NULL,
  `sign_in_count` int(11) NOT NULL DEFAULT '0',
  `failed_attempts` int(11) NOT NULL DEFAULT '0',
  `last_request_at` datetime DEFAULT NULL,
  `current_sign_in_at` datetime DEFAULT NULL,
  `last_sign_in_at` datetime DEFAULT NULL,
  `current_sign_in_ip` varchar(255) DEFAULT NULL,
  `last_sign_in_ip` varchar(255) DEFAULT NULL,
  `login` varchar(255) DEFAULT NULL,
  `ship_address_id` int(11) DEFAULT NULL,
  `bill_address_id` int(11) DEFAULT NULL,
  `authentication_token` varchar(255) DEFAULT NULL,
  `unlock_token` varchar(255) DEFAULT NULL,
  `locked_at` datetime DEFAULT NULL,
  `remember_created_at` datetime DEFAULT NULL,
  PRIMARY KEY (`id`),
  KEY `index_users_on_persistence_token` (`persistence_token`)
) ENGINE=InnoDB AUTO_INCREMENT=1057526560 DEFAULT CHARSET=utf8;

-- ----------------------------
--  Records of `users`
-- ----------------------------
BEGIN;
INSERT INTO `users` VALUES ('14035331', 'norval@mcglynn.biz', null, null, null, '2013-01-28 22:34:48', '2013-01-28 22:34:48', null, null, null, '0', '0', null, null, null, null, null, null, '144271260', '1009963300', null, null, null, null), ('21772151', 'jade_thompson@shields.biz', null, null, null, '2013-01-28 22:34:48', '2013-01-28 22:34:48', null, null, null, '0', '0', null, null, null, null, null, null, '151222638', '1034473426', null, null, null, null), ('22960014', 'katlyn_stokes@roob.name', null, null, null, '2013-01-28 22:34:48', '2013-01-28 22:34:48', null, null, null, '0', '0', null, null, null, null, null, null, '152115607', '1035644717', null, null, null, null), ('28020570', 'jettie@stark.info', null, null, null, '2013-01-28 22:34:48', '2013-01-28 22:34:48', null, null, null, '0', '0', null, null, null, null, null, null, '165986627', '1028618237', null, null, null, null), ('28962723', 'chaya_bogan@dare.net', null, null, null, '2013-01-28 22:34:48', '2013-01-28 22:34:48', null, null, null, '0', '0', null, null, null, null, null, null, '167158202', '1029510922', null, null, null, null), ('50512260', 'karlie@macejkoviclindgren.com', null, null, null, '2013-01-28 22:34:48', '2013-01-28 22:34:48', null, null, null, '0', '0', null, null, null, null, null, null, '189632411', '1072052521', null, null, null, null), ('51421563', 'cathrine@veumlynch.org', null, null, null, '2013-01-28 22:34:48', '2013-01-28 22:34:48', null, null, null, '0', '0', null, null, null, null, null, null, '190836580', '1072978396', null, null, null, null), ('74384795', 'moshe.goldner@rath.info', null, null, null, '2013-01-28 22:34:48', '2013-01-28 22:34:48', null, null, null, '0', '0', null, null, null, null, null, null, '203443076', '948698432', null, null, null, null), ('75326820', 'natalie@hegmann.com', null, null, null, '2013-01-28 22:34:48', '2013-01-28 22:34:48', null, null, null, '0', '0', null, null, null, null, null, null, '204614523', '949591493', null, null, null, null), ('99056534', 'jason.nitzsche@beatty.biz', null, null, null, '2013-01-28 22:34:48', '2013-01-28 22:34:48', null, null, null, '0', '0', null, null, null, null, null, null, '229127567', '956531505', null, null, null, null), ('102888302', 'lila_feest@baumbach.info', null, null, null, '2013-01-28 22:34:48', '2013-01-28 22:34:48', null, null, null, '0', '0', null, null, null, null, null, null, '242138487', '985992137', null, null, null, null), ('104043415', 'gaston_pollich@sawayn.info', null, null, null, '2013-01-28 22:34:48', '2013-01-28 22:34:48', null, null, null, '0', '0', null, null, null, null, null, null, '243064206', '987196214', null, null, null, null), ('113658691', 'nathen@nikolaus.net', null, null, null, '2013-01-28 22:34:48', '2013-01-28 22:34:48', null, null, null, '0', '0', null, null, null, null, null, null, '243860826', '975352806', null, null, null, null), ('114568122', 'theodore@dietrich.name', null, null, null, '2013-01-28 22:34:48', '2013-01-28 22:34:48', null, null, null, '0', '0', null, null, null, null, null, null, '245065123', '976278305', null, null, null, null), ('135242632', 'rae.frami@baumbach.net', null, null, null, '2013-01-28 22:34:48', '2013-01-28 22:34:48', null, null, null, '0', '0', null, null, null, null, null, null, '4255125', '887839535', null, null, null, null), ('140587364', 'emie@bayer.com', null, null, null, '2013-01-28 22:34:48', '2013-01-28 22:34:48', null, null, null, '0', '0', null, null, null, null, null, null, '42776516', '421966440', null, null, null, null), ('157312430', 'sammie_luettgen@stoltenberg.net', null, null, null, '2013-01-28 22:34:48', '2013-01-28 22:34:48', null, null, null, '0', '0', null, null, null, null, null, null, '19868593', '897883407', null, null, null, null), ('172816471', 'eldred@harber.name', null, null, null, '2013-01-28 22:34:48', '2013-01-28 22:34:48', null, null, null, '0', '0', null, null, null, null, null, null, '223872400', '389816337', null, null, null, null), ('178711894', 'kaylin_dach@schneider.org', null, null, null, '2013-01-28 22:34:48', '2013-01-28 22:34:48', null, null, null, '0', '0', null, null, null, null, null, null, '48866121', '910300663', null, null, null, null), ('187601757', 'lennie@kunde.net', null, null, null, '2013-01-28 22:34:48', '2013-01-28 22:34:48', null, null, null, '0', '0', null, null, null, null, null, null, '56745288', '936012796', null, null, null, null), ('188543912', 'daniella@raukoelpin.info', null, null, null, '2013-01-28 22:34:48', '2013-01-28 22:34:48', null, null, null, '0', '0', null, null, null, null, null, null, '57916861', '936905475', null, null, null, null), ('205739844', 'brain.tromp@braun.biz', null, null, null, '2013-01-28 22:34:48', '2013-01-28 22:34:48', null, null, null, '0', '0', null, null, null, null, null, null, '67901793', '816295907', null, null, null, null), ('206649281', 'anjali@conn.info', null, null, null, '2013-01-28 22:34:48', '2013-01-28 22:34:48', null, null, null, '0', '0', null, null, null, null, null, null, '69106084', '817221404', null, null, null, null), ('220281934', 'mandy_christiansen@farrell.name', null, null, null, '2013-01-28 22:34:48', '2013-01-28 22:34:48', null, null, null, '0', '0', null, null, null, null, null, null, '171295127', '273802266', null, null, null, null), ('235774389', 'lisandro.haley@kuhicbaumbach.net', null, null, null, '2013-01-28 22:34:48', '2013-01-28 22:34:48', null, null, null, '0', '0', null, null, null, null, null, null, '105050026', '854153494', null, null, null, null), ('261603145', 'elna@heathcote.org', null, null, null, '2013-01-28 22:34:48', '2013-01-28 22:34:48', null, null, null, '0', '0', null, null, null, null, null, null, '131658076', '863193060', null, null, null, null), ('275330066', 'rhoda.waelchi@jaskolski.name', null, null, null, '2013-01-28 22:34:48', '2013-01-28 22:34:48', null, null, null, '0', '0', null, null, null, null, null, null, '405174797', '747490487', null, null, null, null), ('286560969', 'morgan_wiza@marquardtmorissette.org', null, null, null, '2013-01-28 22:34:48', '2013-01-28 22:34:48', null, null, null, '0', '0', null, null, null, null, null, null, '425450708', '770730608', null, null, null, null), ('304595689', 'meggie@bogan.name', null, null, null, '2013-01-28 22:34:48', '2013-01-28 22:34:48', null, null, null, '0', '0', null, null, null, null, null, null, '443059452', '784546372', null, null, null, null), ('305504796', 'phoebe.white@mcdermottbruen.net', null, null, null, '2013-01-28 22:34:48', '2013-01-28 22:34:48', null, null, null, '0', '0', null, null, null, null, null, null, '444263433', '785472187', null, null, null, null), ('323332591', 'garland_brakus@beier.name', null, null, null, '2013-01-28 22:34:48', '2013-01-28 22:34:48', null, null, null, '0', '0', null, null, null, null, null, null, '340874296', '238383541', null, null, null, null), ('331209749', 'adah_lesch@lowe.org', null, null, null, '2013-01-28 22:34:48', '2013-01-28 22:34:48', null, null, null, '0', '0', null, null, null, null, null, null, '468881930', '794371254', null, null, null, null), ('357172992', 'jose_batz@mayert.info', null, null, null, '2013-01-28 22:34:48', '2013-01-28 22:34:48', null, null, null, '0', '0', null, null, null, null, null, null, '486885605', '699334235', null, null, null, null), ('358114821', 'miguel@townekautzer.name', null, null, null, '2013-01-28 22:34:48', '2013-01-28 22:34:48', null, null, null, '0', '0', null, null, null, null, null, null, '488056864', '700227236', null, null, null, null), ('378310152', 'nikko@aufderhar.net', null, null, null, '2013-01-28 22:34:48', '2013-01-28 22:34:48', null, null, null, '0', '0', null, null, null, null, null, null, '516145181', '711489187', null, null, null, null), ('386199561', 'iva_rempel@kub.com', null, null, null, '2013-01-28 22:34:48', '2013-01-28 22:34:48', null, null, null, '0', '0', null, null, null, null, null, null, '525057558', '736102574', null, null, null, null), ('407201487', 'lucile_weissnat@ortiz.com', null, null, null, '2013-01-28 22:34:48', '2013-01-28 22:34:48', null, null, null, '0', '0', null, null, null, null, null, null, '269101270', '614571630', null, null, null, null), ('408356406', 'margaret.huel@boehm.info', null, null, null, '2013-01-28 22:34:48', '2013-01-28 22:34:48', null, null, null, '0', '0', null, null, null, null, null, null, '270026799', '615775889', null, null, null, null), ('413327074', 'letitia.reichert@hammes.info', null, null, null, '2013-01-28 22:34:48', '2013-01-28 22:34:48', null, null, null, '0', '0', null, null, null, null, null, null, '284004603', '608577097', null, null, null, null), ('414236187', 'kristy@bechtelarcartwright.name', null, null, null, '2013-01-28 22:34:48', '2013-01-28 22:34:48', null, null, null, '0', '0', null, null, null, null, null, null, '285208578', '609502910', null, null, null, null), ('436965436', 'celia_bashirian@connhuels.biz', null, null, null, '2013-01-28 22:34:48', '2013-01-28 22:34:48', null, null, null, '0', '0', null, null, null, null, null, null, '306503203', '653224093', null, null, null, null), ('437907651', 'marjolaine.fahey@heller.org', null, null, null, '2013-01-28 22:34:48', '2013-01-28 22:34:48', null, null, null, '0', '0', null, null, null, null, null, null, '307674844', '654116968', null, null, null, null), ('452191684', 'nestor.fay@heidenreich.info', null, null, null, '2013-01-28 22:34:48', '2013-01-28 22:34:48', null, null, null, '0', '0', null, null, null, null, null, null, '501684253', '126041504', null, null, null, null), ('486296279', 'cordie@lesch.name', null, null, null, '2013-01-28 22:34:48', '2013-01-28 22:34:48', null, null, null, '0', '0', null, null, null, null, null, null, '347276494', '538489458', null, null, null, null), ('493245475', 'jessica@brakus.org', null, null, null, '2013-01-28 22:34:48', '2013-01-28 22:34:48', null, null, null, '0', '0', null, null, null, null, null, null, '355015228', '562211972', null, null, null, null), ('494154972', 'marcel@kautzersenger.info', null, null, null, '2013-01-28 22:34:48', '2013-01-28 22:34:48', null, null, null, '0', '0', null, null, null, null, null, null, '356219587', '563137665', null, null, null, null), ('522756822', 'green_carroll@pagackovacek.info', null, null, null, '2013-01-28 22:34:48', '2013-01-28 22:34:48', null, null, null, '0', '0', null, null, null, null, null, null, '392686799', '600595061', null, null, null, null), ('523944495', 'emmett.hilll@wunsch.name', null, null, null, '2013-01-28 22:34:48', '2013-01-28 22:34:48', null, null, null, '0', '0', null, null, null, null, null, null, '393579574', '601766538', null, null, null, null), ('533666555', 'jedediah@gottlieb.org', null, null, null, '2013-01-28 22:34:48', '2013-01-28 22:34:48', null, null, null, '0', '0', null, null, null, null, null, null, '394286306', '590078562', null, null, null, null), ('534608386', 'andreane_skiles@greenholt.net', null, null, null, '2013-01-28 22:34:48', '2013-01-28 22:34:48', null, null, null, '0', '0', null, null, null, null, null, null, '395457563', '590971557', null, null, null, null), ('537116830', 'mathias@rau.org', null, null, null, '2013-01-28 22:34:48', '2013-01-28 22:34:48', null, null, null, '0', '0', null, null, null, null, null, null, '676105863', '484915261', null, null, null, null), ('562806419', 'louisa_botsford@hermistonnolan.info', null, null, null, '2013-01-28 22:34:48', '2013-01-28 22:34:48', null, null, null, '0', '0', null, null, null, null, null, null, '700772492', '493831732', null, null, null, null), ('575485547', 'marcus.west@kihnhoeger.org', null, null, null, '2013-01-28 22:34:48', '2013-01-28 22:34:48', null, null, null, '0', '0', null, null, null, null, null, null, '704804980', '514445004', null, null, null, null), ('576673428', 'tyson_towne@dickinsonhackett.com', null, null, null, '2013-01-28 22:34:48', '2013-01-28 22:34:48', null, null, null, '0', '0', null, null, null, null, null, null, '705697931', '515616313', null, null, null, null), ('590306657', 'princess.beatty@torp.name', null, null, null, '2013-01-28 22:34:48', '2013-01-28 22:34:48', null, null, null, '0', '0', null, null, null, null, null, null, '607887544', '1046447419', null, null, null, null), ('608344442', 'halie.mills@rutherfordweber.name', null, null, null, '2013-01-28 22:34:48', '2013-01-28 22:34:48', null, null, null, '0', '0', null, null, null, null, null, null, '592864417', '959594786', null, null, null, null), ('616230022', 'lempi.kemmer@champlinpaucek.net', null, null, null, '2013-01-28 22:34:48', '2013-01-28 22:34:48', null, null, null, '0', '0', null, null, null, null, null, null, '754295455', '408818721', null, null, null, null), ('622916212', 'demetris_renner@heaney.org', null, null, null, '2013-01-28 22:34:48', '2013-01-28 22:34:48', null, null, null, '0', '0', null, null, null, null, null, null, '762297451', '432278229', null, null, null, null), ('624071307', 'lesley@stantonjast.info', null, null, null, '2013-01-28 22:34:48', '2013-01-28 22:34:48', null, null, null, '0', '0', null, null, null, null, null, null, '763223188', '433482288', null, null, null, null), ('638820960', 'corrine@wisozk.net', null, null, null, '2013-01-28 22:34:48', '2013-01-28 22:34:48', null, null, null, '0', '0', null, null, null, null, null, null, '777841735', '452418301', null, null, null, null), ('661521543', 'jeanne@mraz.org', null, null, null, '2013-01-28 22:34:48', '2013-01-28 22:34:48', null, null, null, '0', '0', null, null, null, null, null, null, '790710942', '462093350', null, null, null, null), ('674206273', 'mercedes.rolfson@flatleyspencer.name', null, null, null, '2013-01-28 22:34:48', '2013-01-28 22:34:48', null, null, null, '0', '0', null, null, null, null, null, null, '543218782', '348875494', null, null, null, null), ('675148478', 'aurelia_bailey@hansen.name', null, null, null, '2013-01-28 22:34:48', '2013-01-28 22:34:48', null, null, null, '0', '0', null, null, null, null, null, null, '544390305', '349768223', null, null, null, null), ('684206702', 'delaney.quigley@thompson.name', null, null, null, '2013-01-28 22:34:48', '2013-01-28 22:34:48', null, null, null, '0', '0', null, null, null, null, null, null, '545743993', '338481867', null, null, null, null), ('685394585', 'magnus.little@feest.biz', null, null, null, '2013-01-28 22:34:48', '2013-01-28 22:34:48', null, null, null, '0', '0', null, null, null, null, null, null, '546636942', '339653170', null, null, null, null), ('711025848', 'vito_shanahan@kulas.info', null, null, null, '2013-01-28 22:34:48', '2013-01-28 22:34:48', null, null, null, '0', '0', null, null, null, null, null, null, '573450925', '377854995', null, null, null, null), ('712180813', 'geovany.kovacek@zulaufadams.org', null, null, null, '2013-01-28 22:34:48', '2013-01-28 22:34:48', null, null, null, '0', '0', null, null, null, null, null, null, '574376536', '379059436', null, null, null, null), ('737901126', 'vernice_sauer@hills.biz', null, null, null, '2013-01-28 22:34:48', '2013-01-28 22:34:48', null, null, null, '0', '0', null, null, null, null, null, null, '599012441', '387941095', null, null, null, null), ('755802289', 'britney_mayer@dibbert.com', null, null, null, '2013-01-28 22:34:48', '2013-01-28 22:34:48', null, null, null, '0', '0', null, null, null, null, null, null, '625209012', '300439564', null, null, null, null), ('756990036', 'kaitlyn.welch@dietrich.com', null, null, null, '2013-01-28 22:34:48', '2013-01-28 22:34:48', null, null, null, '0', '0', null, null, null, null, null, null, '626101841', '301611251', null, null, null, null), ('771020115', 'christine_morar@gulgowski.biz', null, null, null, '2013-01-28 22:34:48', '2013-01-28 22:34:48', null, null, null, '0', '0', null, null, null, null, null, null, '719333514', '813960457', null, null, null, null), ('792876634', 'theodore@hillsboyer.net', null, null, null, '2013-01-28 22:34:48', '2013-01-28 22:34:48', null, null, null, '0', '0', null, null, null, null, null, null, '655169605', '329690879', null, null, null, null), ('793786021', 'brain_bernier@weber.org', null, null, null, '2013-01-28 22:34:48', '2013-01-28 22:34:48', null, null, null, '0', '0', null, null, null, null, null, null, '656373946', '330616326', null, null, null, null), ('799403637', 'arne.hartmann@nikolaus.com', null, null, null, '2013-01-28 22:34:48', '2013-01-28 22:34:48', null, null, null, '0', '0', null, null, null, null, null, null, '669687922', '323032786', null, null, null, null), ('800558738', 'ophelia.zieme@friesenlueilwitz.info', null, null, null, '2013-01-28 22:34:48', '2013-01-28 22:34:48', null, null, null, '0', '0', null, null, null, null, null, null, '670613653', '324236843', null, null, null, null), ('824624125', 'kane@feeney.com', null, null, null, '2013-01-28 22:34:48', '2013-01-28 22:34:48', null, null, null, '0', '0', null, null, null, null, null, null, '963218914', '230832990', null, null, null, null), ('825533186', 'demetrius_kunze@stracke.name', null, null, null, '2013-01-28 22:34:48', '2013-01-28 22:34:48', null, null, null, '0', '0', null, null, null, null, null, null, '964422941', '231758759', null, null, null, null), ('834763738', 'modesto@carroll.name', null, null, null, '2013-01-28 22:34:48', '2013-01-28 22:34:48', null, null, null, '0', '0', null, null, null, null, null, null, '965621197', '220562291', null, null, null, null), ('835918637', 'gunner_lesch@murray.biz', null, null, null, '2013-01-28 22:34:48', '2013-01-28 22:34:48', null, null, null, '0', '0', null, null, null, null, null, null, '966546746', '221766538', null, null, null, null), ('853560069', 'kamren@roberts.name', null, null, null, '2013-01-28 22:34:48', '2013-01-28 22:34:48', null, null, null, '0', '0', null, null, null, null, null, null, '984548634', '235189158', null, null, null, null), ('862467340', 'helene_beer@stark.net', null, null, null, '2013-01-28 22:34:48', '2013-01-28 22:34:48', null, null, null, '0', '0', null, null, null, null, null, null, '992443161', '260885931', null, null, null, null), ('863655417', 'creola.durgan@rau.org', null, null, null, '2013-01-28 22:34:48', '2013-01-28 22:34:48', null, null, null, '0', '0', null, null, null, null, null, null, '993336300', '262057300', null, null, null, null), ('872804629', 'dedrick_kihn@strosin.biz', null, null, null, '2013-01-28 22:34:48', '2013-01-28 22:34:48', null, null, null, '0', '0', null, null, null, null, null, null, '1011531536', '148965812', null, null, null, null), ('873959920', 'josie@langoshrempel.org', null, null, null, '2013-01-28 22:34:48', '2013-01-28 22:34:48', null, null, null, '0', '0', null, null, null, null, null, null, '1012457461', '150169931', null, null, null, null), ('910886886', 'merle_reilly@dare.info', null, null, null, '2013-01-28 22:34:48', '2013-01-28 22:34:48', null, null, null, '0', '0', null, null, null, null, null, null, '1040468473', '179306311', null, null, null, null), ('911828761', 'annamarie_thiel@emmerich.biz', null, null, null, '2013-01-28 22:34:48', '2013-01-28 22:34:48', null, null, null, '0', '0', null, null, null, null, null, null, '1041639686', '180199358', null, null, null, null), ('917290961', 'tanya@hodkiewiczbergstrom.com', null, null, null, '2013-01-28 22:34:48', '2013-01-28 22:34:48', null, null, null, '0', '0', null, null, null, null, null, null, '1055125974', '172509034', null, null, null, null), ('918478646', 'kendall@keebler.org', null, null, null, '2013-01-28 22:34:48', '2013-01-28 22:34:48', null, null, null, '0', '0', null, null, null, null, null, null, '1056018737', '173680531', null, null, null, null), ('936450328', 'travon@ferrycormier.name', null, null, null, '2013-01-28 22:34:48', '2013-01-28 22:34:48', null, null, null, '0', '0', null, null, null, null, null, null, '1067341581', '188080563', null, null, null, null), ('948998100', 'darrel@predovic.org', null, null, null, '2013-01-28 22:34:48', '2013-01-28 22:34:48', null, null, null, '0', '0', null, null, null, null, null, null, '819970507', '74741621', null, null, null, null), ('956993830', 'tommie_collins@raynor.info', null, null, null, '2013-01-28 22:34:48', '2013-01-28 22:34:48', null, null, null, '0', '0', null, null, null, null, null, null, '826662719', '99510657', null, null, null, null), ('975572189', 'orville@pollich.biz', null, null, null, '2013-01-28 22:34:48', '2013-01-28 22:34:48', null, null, null, '0', '0', null, null, null, null, null, null, '1026748676', '660001923', null, null, null, null), ('994338771', 'selena_parisian@kunde.info', null, null, null, '2013-01-28 22:34:48', '2013-01-28 22:34:48', null, null, null, '0', '0', null, null, null, null, null, null, '856369612', '127967096', null, null, null, null), ('995493676', 'gage@hoegerroob.net', null, null, null, '2013-01-28 22:34:48', '2013-01-28 22:34:48', null, null, null, '0', '0', null, null, null, null, null, null, '857295155', '129171341', null, null, null, null), ('1009361868', 'conrad@hammes.biz', null, null, null, '2013-01-28 22:34:48', '2013-01-28 22:34:48', null, null, null, '0', '0', null, null, null, null, null, null, '879160787', '13458289', null, null, null, null), ('1010549555', 'mortimer@marvin.info', null, null, null, '2013-01-28 22:34:48', '2013-01-28 22:34:48', null, null, null, '0', '0', null, null, null, null, null, null, '880053548', '14629780', null, null, null, null), ('1028376774', 'adalberto@hintz.com', null, null, null, '2013-01-28 22:34:48', '2013-01-28 22:34:48', null, null, null, '0', '0', null, null, null, null, null, null, '979318045', '540741786', null, null, null, null), ('1034018247', 'dwight@lehner.name', null, null, null, '2013-01-28 22:34:48', '2013-01-28 22:34:48', null, null, null, '0', '0', null, null, null, null, null, null, '904827870', '21308770', null, null, null, null), ('1046959423', 'jade_bergstrom@vonrueden.net', null, null, null, '2013-01-28 22:34:48', '2013-01-28 22:34:48', null, null, null, '0', '0', null, null, null, null, null, null, '908598054', '42184090', null, null, null, null), ('1057526559', 'brenda@feeney.org', null, null, null, '2013-01-28 22:34:48', '2013-01-28 22:34:48', null, null, null, '0', '0', null, null, null, null, null, null, '927456520', '65825724', null, null, null, null);
COMMIT;

-- ----------------------------
--  Table structure for `variants`
-- ----------------------------
DROP TABLE IF EXISTS `variants`;
CREATE TABLE `variants` (
  `id` int(11) NOT NULL AUTO_INCREMENT,
  `product_id` int(11) DEFAULT NULL,
  `sku` varchar(255) NOT NULL DEFAULT '',
  `price` decimal(8,2) NOT NULL,
  `weight` decimal(8,2) DEFAULT NULL,
  `height` decimal(8,2) DEFAULT NULL,
  `width` decimal(8,2) DEFAULT NULL,
  `depth` decimal(8,2) DEFAULT NULL,
  `deleted_at` datetime DEFAULT NULL,
  `is_master` tinyint(1) DEFAULT '0',
  `count_on_hand` int(11) NOT NULL DEFAULT '0',
  `cost_price` decimal(8,2) DEFAULT NULL,
  PRIMARY KEY (`id`),
  KEY `index_variants_on_product_id` (`product_id`)
) ENGINE=InnoDB AUTO_INCREMENT=1025786065 DEFAULT CHARSET=utf8;

-- ----------------------------
--  Records of `variants`
-- ----------------------------
BEGIN;
INSERT INTO `variants` VALUES ('52862384', '248786582', 'ROR-00014', '13.99', null, null, null, null, null, '1', '10', '11.00'), ('97292824', '1025786064', 'ROR-00006', '19.99', null, null, null, null, null, '0', '14', '17.00'), ('205047256', '1025786064', 'ROR-00010', '21.99', null, null, null, null, null, '0', '10', '20.00'), ('215054540', '459084718', 'ROR-00011', '15.99', null, null, null, null, null, '1', '10', '13.00'), ('265742438', '1025786064', 'ROR-00009', '19.99', null, null, null, null, null, '0', '10', '17.00'), ('325821322', '1025786064', 'ROR-00001', '19.99', null, null, null, null, null, '0', '10', '17.00'), ('381254278', '706676762', 'APC-00001', '19.99', null, null, null, null, null, '1', '10', '17.00'), ('405540681', '1025786064', 'ROR-00008', '19.99', null, null, null, null, null, '0', '10', '17.00'), ('429921481', '187438981', 'ROR-00015', '17.99', null, null, null, null, null, '1', '10', '17.00'), ('461562682', '569012001', 'RUB-00001', '19.99', null, null, null, null, null, '1', '10', '17.00'), ('489273655', '1060500592', 'ROR-00013', '19.99', null, null, null, null, null, '1', '10', '17.00'), ('504220342', '723959550', 'ROR-00012', '22.99', null, null, null, null, null, '1', '10', '21.00'), ('529709246', '1025786064', 'ROR-00003', '19.99', null, null, null, null, null, '0', '10', '17.00'), ('568516732', '1025786064', 'ROR-00007', '19.99', null, null, null, null, null, '0', '1', '17.00'), ('599112055', '1035865702', 'ROR-00016', '16.99', null, null, null, null, null, '1', '10', '15.00'), ('664770399', '1025786064', 'ROR-00005', '19.99', null, null, null, null, null, '0', '10', '17.00'), ('947339321', '1025786064', 'ROR-00004', '19.99', null, null, null, null, null, '0', '3', '17.00'), ('1013589412', '1025786064', 'ROR-00002', '19.99', null, null, null, null, null, '0', '10', '17.00'), ('1025786064', '1025786064', 'ROR-001', '19.99', null, null, null, null, null, '1', '10', '17.00');
COMMIT;

-- ----------------------------
--  Table structure for `zone_members`
-- ----------------------------
DROP TABLE IF EXISTS `zone_members`;
CREATE TABLE `zone_members` (
  `id` int(11) NOT NULL AUTO_INCREMENT,
  `zone_id` int(11) DEFAULT NULL,
  `zoneable_id` int(11) DEFAULT NULL,
  `zoneable_type` varchar(255) DEFAULT NULL,
  `created_at` datetime DEFAULT NULL,
  `updated_at` datetime DEFAULT NULL,
  PRIMARY KEY (`id`)
) ENGINE=InnoDB AUTO_INCREMENT=1017582645 DEFAULT CHARSET=utf8;

-- ----------------------------
--  Records of `zone_members`
-- ----------------------------
BEGIN;
INSERT INTO `zone_members` VALUES ('4914820', '1', '13', 'Country', '2009-06-04 13:22:26', '2009-06-04 13:22:26'), ('5807739', '1', '96', 'Country', '2009-06-04 13:22:26', '2009-06-04 13:22:26'), ('35022990', '1', '188', 'Country', '2009-06-04 13:22:26', '2009-06-04 13:22:26'), ('91991191', '1', '163', 'Country', '2009-06-04 13:22:26', '2009-06-04 13:22:26'), ('120011419', '1', '52', 'Country', '2009-06-04 13:22:26', '2009-06-04 13:22:26'), ('120937060', '1', '117', 'Country', '2009-06-04 13:22:26', '2009-06-04 13:22:26'), ('195044517', '2', '214', 'Country', '2009-06-04 17:22:41', '2009-06-04 17:22:41'), ('244414130', '1', '68', 'Country', '2009-06-04 13:22:26', '2009-06-04 13:22:26'), ('394938353', '1', '162', 'Country', '2009-06-04 13:22:26', '2009-06-04 13:22:26'), ('423866172', '1', '20', 'Country', '2009-06-04 13:22:26', '2009-06-04 13:22:26'), ('424792003', '1', '90', 'Country', '2009-06-04 13:22:26', '2009-06-04 13:22:26'), ('477297967', '1', '184', 'Country', '2009-06-04 13:22:26', '2009-06-04 13:22:26'), ('506358563', '1', '53', 'Country', '2009-06-04 13:22:26', '2009-06-04 13:22:26'), ('507251676', '1', '116', 'Country', '2009-06-04 13:22:26', '2009-06-04 13:22:26'), ('546142054', '1', '142', 'Country', '2009-06-04 13:22:26', '2009-06-04 13:22:26'), ('690576312', '1', '62', 'Country', '2009-06-04 13:22:26', '2009-06-04 13:22:26'), ('691747661', '1', '110', 'Country', '2009-06-04 13:22:26', '2009-06-04 13:22:26'), ('729140670', '1', '183', 'Country', '2009-06-04 13:22:26', '2009-06-04 13:22:26'), ('739772837', '1', '213', 'Country', '2009-06-04 13:22:26', '2009-06-04 13:22:26'), ('776249265', '1', '30', 'Country', '2009-06-04 13:22:26', '2009-06-04 13:22:26'), ('777453396', '1', '74', 'Country', '2009-06-04 13:22:26', '2009-06-04 13:22:26'), ('807406092', '1', '51', 'Country', '2009-06-04 13:22:26', '2009-06-04 13:22:26'), ('808610553', '1', '125', 'Country', '2009-06-04 13:22:26', '2009-06-04 13:22:26'), ('847027202', '1', '167', 'Country', '2009-06-04 13:22:26', '2009-06-04 13:22:26'), ('890329113', '1', '194', 'Country', '2009-06-04 13:22:26', '2009-06-04 13:22:26'), ('929017584', '1', '98', 'Country', '2009-06-04 13:22:26', '2009-06-04 13:22:26'), ('966149671', '1', '67', 'Country', '2009-06-04 13:22:26', '2009-06-04 13:22:26'), ('1017582644', '2', '35', 'Country', '2009-06-04 17:22:41', '2009-06-04 17:22:41');
COMMIT;

-- ----------------------------
--  Table structure for `zones`
-- ----------------------------
DROP TABLE IF EXISTS `zones`;
CREATE TABLE `zones` (
  `id` int(11) NOT NULL AUTO_INCREMENT,
  `name` varchar(255) DEFAULT NULL,
  `description` varchar(255) DEFAULT NULL,
  `created_at` datetime DEFAULT NULL,
  `updated_at` datetime DEFAULT NULL,
  PRIMARY KEY (`id`)
) ENGINE=InnoDB AUTO_INCREMENT=3 DEFAULT CHARSET=utf8;

-- ----------------------------
--  Records of `zones`
-- ----------------------------
BEGIN;
INSERT INTO `zones` VALUES ('1', 'EU_VAT', 'Countries that make up the EU VAT zone.', '2009-06-04 17:22:26', '2009-06-04 17:22:26'), ('2', 'North America', 'USA + Canada', '2009-06-04 17:22:41', '2009-06-04 17:22:41');
COMMIT;

